event_link,event_wikidata_id,event_name,event_sport_wikidata_id,event_sport,event_part_of_wikidata_id,event_part_of,medal,medalist_link,medalist_wikidata_id,medalist_name,delegation_link,delegation_wikidata_id,delegation_name,country_medal_wikidata_id,country_medal,date_of_birth,sex_or_gender_wikidata_id,sex_or_gender,place_of_birth_wikidata_id,place_of_birth,place_of_birth_coordinates,lat,lon,place_of_birth_located_in_wikidata_id,place_of_birth_located_in,nuts0_id,nuts0_name,nuts1_id,nuts1_name,nuts2_id,nuts2_name,nuts2_population,nuts2_gdp,nuts3_id,nuts3_name,nuts3_population,nuts3_gdp
https://en.wikipedia.org/wiki/Alpine_skiing_at_the_2026_Winter_Olympics_%E2%80%93_Men%27s_downhill,Q137163331,alpine skiing at the 2026 Winter Olympics – men's downhill,Q186222,alpine skiing,Q111737761,alpine skiing at the 2026 Winter Olympics,gold,https://en.wikipedia.org/wiki/Franjo_von_Allmen,Q104346771,Franjo von Allmen,https://en.wikipedia.org/wiki/Switzerland_at_the_2026_Winter_Olympics,Q111721506,Switzerland at the 2026 Winter Olympics,Q39,Switzerland,2001-07-24,Q6581097,male,Q65939,Boltigen,"46.6291,7.3911",46.6291,7.3911,Q869479,Obersimmental-Saanen administrative district,CH,Switzerland,CH0,Schweiz/Suisse/Svizzera,CH02,Espace Mittelland,1962040,136702,CH021,Bern,1071216,78596.98
https://en.wikipedia.org/wiki/Alpine_skiing_at_the_2026_Winter_Olympics_%E2%80%93_Men%27s_downhill,Q137163331,alpine skiing at the 2026 Winter Olympics – men's downhill,Q186222,alpine skiing,Q111737761,alpine skiing at the 2026 Winter Olympics,silver,https://en.wikipedia.org/wiki/Giovanni_Franzoni_(alpine_skier),Q85188309,Giovanni Franzoni,https://en.wikipedia.org/wiki/Italy_at_the_2026_Winter_Olympics,Q111721489,Italy at the 2026 Winter Olympics,Q38,Italy,2001-03-30,Q6581097,male,Q6221,Brescia,"45.538888888889,10.220280555556",45.538888888889,10.220280555556,Q16144,Province of Brescia,IT,Italy,ITC,Nord-Ovest,ITC4,Lombardia,10033918,490132.1,ITC47,Brescia,1265884,50792.45
https://en.wikipedia.org/wiki/Alpine_skiing_at_the_2026_Winter_Olympics_%E2%80%93_Men%27s_downhill,Q137163331,alpine skiing at the 2026 Winter Olympics – men's downhill,Q186222,alpine skiing,Q111737761,alpine skiing at the 2026 Winter Olympics,bronze,https://en.wikipedia.org/wiki/Dominik_Paris,Q500006,Dominik Paris,https://en.wikipedia.org/wiki/Italy_at_the_2026_Winter_Olympics,Q111721489,Italy at the 2026 Winter Olympics,Q38,Italy,1989-04-14,Q6581097,male,Q131605,Merano,"46.669555,11.159419",46.669555,11.159419,Q15124,South Tyrol,IT,Italy,ITH,Nord-Est,ITH1,Provincia Autonoma di Bolzano/Bozen,539679,32026.7,ITH10,Bolzano-Bozen,539679,29851.37
https://en.wikipedia.org/wiki/Alpine_skiing_at_the_2026_Winter_Olympics_%E2%80%93_Men%27s_super-G,Q137864125,alpine skiing at the 2026 Winter Olympics – men's super-G,NA,NA,Q111737761,alpine skiing at the 2026 Winter Olympics,gold,https://en.wikipedia.org/wiki/Franjo_von_Allmen,Q104346771,Franjo von Allmen,https://en.wikipedia.org/wiki/Switzerland_at_the_2026_Winter_Olympics,Q111721506,Switzerland at the 2026 Winter Olympics,Q39,Switzerland,2001-07-24,Q6581097,male,Q65939,Boltigen,"46.6291,7.3911",46.6291,7.3911,Q869479,Obersimmental-Saanen administrative district,CH,Switzerland,CH0,Schweiz/Suisse/Svizzera,CH02,Espace Mittelland,1962040,136702,CH021,Bern,1071216,78596.98
https://en.wikipedia.org/wiki/Alpine_skiing_at_the_2026_Winter_Olympics_%E2%80%93_Men%27s_super-G,Q137864125,alpine skiing at the 2026 Winter Olympics – men's super-G,NA,NA,Q111737761,alpine skiing at the 2026 Winter Olympics,bronze,https://en.wikipedia.org/wiki/Marco_Odermatt,Q23707652,Marco Odermatt,https://en.wikipedia.org/wiki/Switzerland_at_the_2026_Winter_Olympics,Q111721506,Switzerland at the 2026 Winter Olympics,Q39,Switzerland,1997-10-08,Q6581097,male,Q63931,Stans,"46.959444444444,8.3666666666667",46.959444444444,8.3666666666667,Q12592,Canton of Nidwalden,CH,Switzerland,CH0,Schweiz/Suisse/Svizzera,CH06,Zentralschweiz,863896,65855.09,CH065,Nidwalden,45345,2916.46
https://en.wikipedia.org/wiki/Alpine_skiing_at_the_2026_Winter_Olympics_%E2%80%93_Men%27s_team_combined,Q137864129,alpine skiing at the 2026 Winter Olympics – men's team combined,Q186222,alpine skiing,Q111737761,alpine skiing at the 2026 Winter Olympics,gold,https://en.wikipedia.org/wiki/Franjo_von_Allmen,Q104346771,Franjo von Allmen,https://en.wikipedia.org/wiki/Switzerland_at_the_2026_Winter_Olympics,Q111721506,Switzerland at the 2026 Winter Olympics,Q39,Switzerland,2001-07-24,Q6581097,male,Q65939,Boltigen,"46.6291,7.3911",46.6291,7.3911,Q869479,Obersimmental-Saanen administrative district,CH,Switzerland,CH0,Schweiz/Suisse/Svizzera,CH02,Espace Mittelland,1962040,136702,CH021,Bern,1071216,78596.98
https://en.wikipedia.org/wiki/Alpine_skiing_at_the_2026_Winter_Olympics_%E2%80%93_Men%27s_team_combined,Q137864129,alpine skiing at the 2026 Winter Olympics – men's team combined,Q186222,alpine skiing,Q111737761,alpine skiing at the 2026 Winter Olympics,gold,https://en.wikipedia.org/wiki/Tanguy_Nef,Q58840078,Tanguy Nef,https://en.wikipedia.org/wiki/Switzerland_at_the_2026_Winter_Olympics,Q111721506,Switzerland at the 2026 Winter Olympics,Q39,Switzerland,1996-11-19,Q6581097,male,Q71,Geneva,"46.2,6.15",46.2,6.15,Q11917,Canton of Geneva,CH,Switzerland,CH0,Schweiz/Suisse/Svizzera,CH01,Région lémanique,1757496,129250.55,CH013,Genève,531102,52212.88
https://en.wikipedia.org/wiki/Alpine_skiing_at_the_2026_Winter_Olympics_%E2%80%93_Men%27s_team_combined,Q137864129,alpine skiing at the 2026 Winter Olympics – men's team combined,Q186222,alpine skiing,Q111737761,alpine skiing at the 2026 Winter Olympics,silver,https://en.wikipedia.org/wiki/Vincent_Kriechmayr,Q177041,Vincent Kriechmayr,https://en.wikipedia.org/wiki/Austria_at_the_2026_Winter_Olympics,Q111721470,Austria at the 2026 Winter Olympics,Q40,Austria,1991-10-01,Q6581097,male,Q41329,Linz,"48.3058333333333,14.2863888888889",48.3058333333333,14.2863888888889,Q41967,Upper Austria,AT,Austria,AT3,Westösterreich,AT31,Oberösterreich,1535519,81776.31,AT312,Linz-Wels,617181,38907.04
https://en.wikipedia.org/wiki/Alpine_skiing_at_the_2026_Winter_Olympics_%E2%80%93_Men%27s_team_combined,Q137864129,alpine skiing at the 2026 Winter Olympics – men's team combined,Q186222,alpine skiing,Q111737761,alpine skiing at the 2026 Winter Olympics,silver,https://en.wikipedia.org/wiki/Manuel_Feller,Q1784020,Manuel Feller,https://en.wikipedia.org/wiki/Austria_at_the_2026_Winter_Olympics,Q111721470,Austria at the 2026 Winter Olympics,Q40,Austria,1992-10-13,Q6581097,male,Q699599,St. Johann in Tirol,"47.5225,12.425555555556",47.5225,12.425555555556,Q265649,Kitzbühel District,AT,Austria,AT3,Westösterreich,AT33,Tirol,777660,41953.24,AT335,Tiroler Unterland,267743,13920.01
https://en.wikipedia.org/wiki/Alpine_skiing_at_the_2026_Winter_Olympics_%E2%80%93_Men%27s_team_combined,Q137864129,alpine skiing at the 2026 Winter Olympics – men's team combined,Q186222,alpine skiing,Q111737761,alpine skiing at the 2026 Winter Olympics,silver,https://en.wikipedia.org/wiki/Marco_Odermatt,Q23707652,Marco Odermatt,https://en.wikipedia.org/wiki/Switzerland_at_the_2026_Winter_Olympics,Q111721506,Switzerland at the 2026 Winter Olympics,Q39,Switzerland,1997-10-08,Q6581097,male,Q63931,Stans,"46.959444444444,8.3666666666667",46.959444444444,8.3666666666667,Q12592,Canton of Nidwalden,CH,Switzerland,CH0,Schweiz/Suisse/Svizzera,CH06,Zentralschweiz,863896,65855.09,CH065,Nidwalden,45345,2916.46
https://en.wikipedia.org/wiki/Alpine_skiing_at_the_2026_Winter_Olympics_%E2%80%93_Men%27s_team_combined,Q137864129,alpine skiing at the 2026 Winter Olympics – men's team combined,Q186222,alpine skiing,Q111737761,alpine skiing at the 2026 Winter Olympics,silver,https://en.wikipedia.org/wiki/Lo%C3%AFc_Meillard,Q19407956,Loïc Meillard,https://en.wikipedia.org/wiki/Switzerland_at_the_2026_Winter_Olympics,Q111721506,Switzerland at the 2026 Winter Olympics,Q39,Switzerland,1996-10-29,Q6581097,male,Q69345,Neuchâtel,"46.990277777778,6.9305555555556",46.990277777778,6.9305555555556,Q511990,Neuchâtel District,CH,Switzerland,CH0,Schweiz/Suisse/Svizzera,CH02,Espace Mittelland,1962040,136702,CH024,Neuchâtel,179518,16303.3
https://en.wikipedia.org/wiki/Alpine_skiing_at_the_2026_Winter_Olympics_%E2%80%93_Women%27s_downhill,Q137163332,alpine skiing at the 2026 Winter Olympics – women's downhill,Q186222,alpine skiing,Q111737761,alpine skiing at the 2026 Winter Olympics,silver,https://en.wikipedia.org/wiki/Emma_Aicher,Q105152782,Emma Aicher,https://en.wikipedia.org/wiki/Germany_at_the_2026_Winter_Olympics,Q111721467,Germany at the 2026 Winter Olympics,Q183,Germany,2003-11-13,Q6581072,female,Q26476,Sundsvall,"62.395509191965,17.285994257166",62.395509191965,17.285994257166,Q504994,Sundsvall Municipality,SE,Sweden,SE3,Norra Sverige,SE32,Mellersta Norrland,374297,17232.94,SE321,Västernorrlands län,241458,11738.28
https://en.wikipedia.org/wiki/Alpine_skiing_at_the_2026_Winter_Olympics_%E2%80%93_Women%27s_downhill,Q137163332,alpine skiing at the 2026 Winter Olympics – women's downhill,Q186222,alpine skiing,Q111737761,alpine skiing at the 2026 Winter Olympics,bronze,https://en.wikipedia.org/wiki/Sofia_Goggia,Q2297435,Sofia Goggia,https://en.wikipedia.org/wiki/Italy_at_the_2026_Winter_Olympics,Q111721489,Italy at the 2026 Winter Olympics,Q38,Italy,1992-11-15,Q6581072,female,Q628,Bergamo,"45.695,9.67",45.695,9.67,Q16137,Province of Bergamo,IT,Italy,ITC,Nord-Ovest,ITC4,Lombardia,10033918,490132.1,ITC46,Bergamo,1114780,42646.41
https://en.wikipedia.org/wiki/Alpine_skiing_at_the_2026_Winter_Olympics_%E2%80%93_Women%27s_super-G,Q137864130,alpine skiing at the 2026 Winter Olympics – women's super-G,Q186222,alpine skiing,Q111737761,alpine skiing at the 2026 Winter Olympics,gold,https://en.wikipedia.org/wiki/Federica_Brignone,Q79294,Federica Brignone,https://en.wikipedia.org/wiki/Italy_at_the_2026_Winter_Olympics,Q111721489,Italy at the 2026 Winter Olympics,Q38,Italy,1990-07-14,Q6581072,female,Q490,Milan,"45.466944444444,9.19",45.466944444444,9.19,Q15121,province of Milan,IT,Italy,ITC,Nord-Ovest,ITC4,Lombardia,10033918,490132.1,ITC4C,Milano,3246455,214200.15
https://en.wikipedia.org/wiki/Alpine_skiing_at_the_2026_Winter_Olympics_%E2%80%93_Women%27s_super-G,Q137864130,alpine skiing at the 2026 Winter Olympics – women's super-G,Q186222,alpine skiing,Q111737761,alpine skiing at the 2026 Winter Olympics,silver,https://en.wikipedia.org/wiki/Romane_Miradoli,Q2164838,Romane Miradoli,https://en.wikipedia.org/wiki/France_at_the_2026_Winter_Olympics,Q111721486,France at the 2026 Winter Olympics,Q142,France,1994-03-10,Q6581072,female,Q460795,Bonneville,"46.078888888889,6.4008333333333",46.078888888889,6.4008333333333,Q12751,Haute-Savoie,FR,France,FRK,Auvergne-Rhône-Alpes,FRK2,Rhône-Alpes,6901647,284847.3,FRK28,Haute-Savoie,876224,29942.6
https://en.wikipedia.org/wiki/Alpine_skiing_at_the_2026_Winter_Olympics_%E2%80%93_Women%27s_super-G,Q137864130,alpine skiing at the 2026 Winter Olympics – women's super-G,Q186222,alpine skiing,Q111737761,alpine skiing at the 2026 Winter Olympics,bronze,https://en.wikipedia.org/wiki/Cornelia_H%C3%BCtter,Q583771,Cornelia Hütter,https://en.wikipedia.org/wiki/Austria_at_the_2026_Winter_Olympics,Q111721470,Austria at the 2026 Winter Olympics,Q40,Austria,1992-10-29,Q6581072,female,Q13298,Graz,"47.0708333333333,15.4386111111111",47.0708333333333,15.4386111111111,Q41358,Styria,AT,Austria,AT2,Südösterreich,AT22,Steiermark,1271716,61223.94,AT221,Graz,469968,26238.28
https://en.wikipedia.org/wiki/Alpine_skiing_at_the_2026_Winter_Olympics_%E2%80%93_Women%27s_team_combined,Q137864135,alpine skiing at the 2026 Winter Olympics – women's team combined,Q186222,alpine skiing,Q111737761,alpine skiing at the 2026 Winter Olympics,gold,https://en.wikipedia.org/wiki/Ariane_R%C3%A4dler,Q50772270,Ariane Rädler,https://en.wikipedia.org/wiki/Austria_at_the_2026_Winter_Olympics,Q111721470,Austria at the 2026 Winter Olympics,Q40,Austria,1995-01-20,Q6581072,female,Q1737,Bregenz,"47.505,9.7491666666667",47.505,9.7491666666667,Q698621,Bregenz District,AT,Austria,AT3,Westösterreich,AT34,Vorarlberg,411784,22305.06,AT342,Rheintal-Bodenseegebiet,316755,18372.49
https://en.wikipedia.org/wiki/Alpine_skiing_at_the_2026_Winter_Olympics_%E2%80%93_Women%27s_team_combined,Q137864135,alpine skiing at the 2026 Winter Olympics – women's team combined,Q186222,alpine skiing,Q111737761,alpine skiing at the 2026 Winter Olympics,gold,https://en.wikipedia.org/wiki/Katharina_Huber,Q21584745,Katharina Huber,https://en.wikipedia.org/wiki/Austria_at_the_2026_Winter_Olympics,Q111721470,Austria at the 2026 Winter Olympics,Q40,Austria,1995-10-03,Q6581072,female,Q485294,Leoben,"47.381666666667,15.097222222222",47.381666666667,15.097222222222,Q665720,Leoben District,AT,Austria,AT2,Südösterreich,AT22,Steiermark,1271716,61223.94,AT223,Östliche Obersteiermark,156148,7139.15
https://en.wikipedia.org/wiki/Alpine_skiing_at_the_2026_Winter_Olympics_%E2%80%93_Women%27s_team_combined,Q137864135,alpine skiing at the 2026 Winter Olympics – women's team combined,Q186222,alpine skiing,Q111737761,alpine skiing at the 2026 Winter Olympics,silver,https://en.wikipedia.org/wiki/Kira_Weidle-Winkelmann,Q28771704,Kira Weidle-Winkelmann,https://en.wikipedia.org/wiki/Germany_at_the_2026_Winter_Olympics,Q111721467,Germany at the 2026 Winter Olympics,Q183,Germany,1996-02-24,Q6581072,female,Q1022,Stuttgart,"48.7775,9.18",48.7775,9.18,Q8172,Stuttgart Government Region,DE,Germany,DE1,Baden-Württemberg,DE11,Stuttgart,4167550,261691.93,DE111,"Stuttgart, Stadtkreis",612663,59565.94
https://en.wikipedia.org/wiki/Alpine_skiing_at_the_2026_Winter_Olympics_%E2%80%93_Women%27s_team_combined,Q137864135,alpine skiing at the 2026 Winter Olympics – women's team combined,Q186222,alpine skiing,Q111737761,alpine skiing at the 2026 Winter Olympics,silver,https://en.wikipedia.org/wiki/Emma_Aicher,Q105152782,Emma Aicher,https://en.wikipedia.org/wiki/Germany_at_the_2026_Winter_Olympics,Q111721467,Germany at the 2026 Winter Olympics,Q183,Germany,2003-11-13,Q6581072,female,Q26476,Sundsvall,"62.395509191965,17.285994257166",62.395509191965,17.285994257166,Q504994,Sundsvall Municipality,SE,Sweden,SE3,Norra Sverige,SE32,Mellersta Norrland,374297,17232.94,SE321,Västernorrlands län,241458,11738.28
https://en.wikipedia.org/wiki/Biathlon_at_the_2026_Winter_Olympics_%E2%80%93_Men%27s_individual,Q137271393,biathlon at the 2026 Winter Olympics – men's individual,Q166788,biathlon,Q111737756,biathlon at the 2026 Winter Olympics,gold,https://en.wikipedia.org/wiki/Johan-Olav_Botn,Q122622076,Johan-Olav Botn,https://en.wikipedia.org/wiki/Norway_at_the_2026_Winter_Olympics,Q111721497,Norway at the 2026 Winter Olympics,Q20,Norway,1999-06-18,Q6581097,male,Q732105,Stårheim,"61.919722222222,5.7580555555556",61.919722222222,5.7580555555556,Q500198,Eid,NO,Norway,NO0,Norge,NO0A,Vestlandet,1432119,82392.66,NO0A2,Vestland,655210,36516.19
https://en.wikipedia.org/wiki/Biathlon_at_the_2026_Winter_Olympics_%E2%80%93_Men%27s_individual,Q137271393,biathlon at the 2026 Winter Olympics – men's individual,Q166788,biathlon,Q111737756,biathlon at the 2026 Winter Olympics,silver,https://en.wikipedia.org/wiki/%C3%89ric_Perrot,Q109938066,Éric Perrot,https://en.wikipedia.org/wiki/France_at_the_2026_Winter_Olympics,Q111721486,France at the 2026 Winter Olympics,Q142,France,2001-06-29,Q6581097,male,Q238039,Bourg-Saint-Maurice,"45.616666666667,6.7686111111111",45.616666666667,6.7686111111111,Q12745,Savoie,FR,France,FRK,Auvergne-Rhône-Alpes,FRK2,Rhône-Alpes,6901647,284847.3,FRK27,Savoie,452844,19949.2
https://en.wikipedia.org/wiki/Biathlon_at_the_2026_Winter_Olympics_%E2%80%93_Men%27s_individual,Q137271393,biathlon at the 2026 Winter Olympics – men's individual,Q166788,biathlon,Q111737756,biathlon at the 2026 Winter Olympics,bronze,https://en.wikipedia.org/wiki/Sturla_Holm_L%C3%A6greid,Q87207990,Sturla Lægreid,https://en.wikipedia.org/wiki/Norway_at_the_2026_Winter_Olympics,Q111721497,Norway at the 2026 Winter Olympics,Q20,Norway,1997-02-20,Q6581097,male,Q57076,Bærum Municipality,"59.8904,10.526",59.8904,10.526,Q56407178,Viken,NO,Norway,NO0,Norge,NO08,Oslo og Viken,2050625,132715.89,NO082,Viken,1292241,NA
https://en.wikipedia.org/wiki/Biathlon_at_the_2026_Winter_Olympics_%E2%80%93_Women%27s_individual,Q137271392,biathlon at the 2026 Winter Olympics – women's individual,Q166788,biathlon,Q111737756,biathlon at the 2026 Winter Olympics,gold,https://en.wikipedia.org/wiki/Julia_Simon_(biathlete),Q19207085,Julia Simon,https://en.wikipedia.org/wiki/France_at_the_2026_Winter_Olympics,Q111721486,France at the 2026 Winter Olympics,Q142,France,1996-10-09,Q6581072,female,Q159469,Albertville,"45.675833333333,6.3925",45.675833333333,6.3925,Q700375,arrondissement of Albertville,FR,France,FRK,Auvergne-Rhône-Alpes,FRK2,Rhône-Alpes,6901647,284847.3,FRK27,Savoie,452844,19949.2
https://en.wikipedia.org/wiki/Biathlon_at_the_2026_Winter_Olympics_%E2%80%93_Women%27s_individual,Q137271392,biathlon at the 2026 Winter Olympics – women's individual,Q166788,biathlon,Q111737756,biathlon at the 2026 Winter Olympics,silver,https://en.wikipedia.org/wiki/Lou_Jeanmonnot,Q61793881,Lou Jeanmonnot,https://en.wikipedia.org/wiki/France_at_the_2026_Winter_Olympics,Q111721486,France at the 2026 Winter Olympics,Q142,France,1998-10-28,Q6581072,female,Q214540,Pontarlier,"46.906111111111,6.3547222222222",46.906111111111,6.3547222222222,Q3361,Doubs,FR,France,FRC,Bourgogne-Franche-Comté,FRC2,Franche-Comté,1175558,35904.7,FRC21,Doubs,546727,17545.4
https://en.wikipedia.org/wiki/Biathlon_at_the_2026_Winter_Olympics_%E2%80%93_Women%27s_individual,Q137271392,biathlon at the 2026 Winter Olympics – women's individual,Q166788,biathlon,Q111737756,biathlon at the 2026 Winter Olympics,bronze,https://en.wikipedia.org/wiki/Lora_Hristova,Q81903718,Lora Hristova,https://en.wikipedia.org/wiki/Bulgaria_at_the_2026_Winter_Olympics,Q111721474,Bulgaria at the 2026 Winter Olympics,Q219,Bulgaria,2003-04-23,Q6581072,female,Q851855,Troyan,"42.891494,24.710508",42.891494,24.710508,Q2652936,Troyan,BG,Bulgaria,BG3,Severna i Yugoiztochna Bulgaria,BG31,Severozapaden,655430,6526.93,BG315,Lovech,110823,1039.44
https://en.wikipedia.org/wiki/Biathlon_at_the_2026_Winter_Olympics_%E2%80%93_Mixed_relay,Q137168950,biathlon at the 2026 Winter Olympics – mixed relay,Q166788,biathlon,Q111737756,biathlon at the 2026 Winter Olympics,gold,https://en.wikipedia.org/wiki/%C3%89ric_Perrot,Q109938066,Éric Perrot,https://en.wikipedia.org/wiki/France_at_the_2026_Winter_Olympics,Q111721486,France at the 2026 Winter Olympics,Q142,France,2001-06-29,Q6581097,male,Q238039,Bourg-Saint-Maurice,"45.616666666667,6.7686111111111",45.616666666667,6.7686111111111,Q12745,Savoie,FR,France,FRK,Auvergne-Rhône-Alpes,FRK2,Rhône-Alpes,6901647,284847.3,FRK27,Savoie,452844,19949.2
https://en.wikipedia.org/wiki/Biathlon_at_the_2026_Winter_Olympics_%E2%80%93_Mixed_relay,Q137168950,biathlon at the 2026 Winter Olympics – mixed relay,Q166788,biathlon,Q111737756,biathlon at the 2026 Winter Olympics,gold,https://en.wikipedia.org/wiki/Quentin_Fillon_Maillet,Q15841371,Quentin Fillon-Maillet,https://en.wikipedia.org/wiki/France_at_the_2026_Winter_Olympics,Q111721486,France at the 2026 Winter Olympics,Q142,France,1992-08-16,Q6581097,male,Q477013,Champagnole,"46.747222222222,5.9072222222222",46.747222222222,5.9072222222222,Q3120,Jura,FR,France,FRC,Bourgogne-Franche-Comté,FRC2,Franche-Comté,1175558,35904.7,FRC22,Jura,256902,8165.6
https://en.wikipedia.org/wiki/Biathlon_at_the_2026_Winter_Olympics_%E2%80%93_Mixed_relay,Q137168950,biathlon at the 2026 Winter Olympics – mixed relay,Q166788,biathlon,Q111737756,biathlon at the 2026 Winter Olympics,gold,https://en.wikipedia.org/wiki/Lou_Jeanmonnot,Q61793881,Lou Jeanmonnot,https://en.wikipedia.org/wiki/France_at_the_2026_Winter_Olympics,Q111721486,France at the 2026 Winter Olympics,Q142,France,1998-10-28,Q6581072,female,Q214540,Pontarlier,"46.906111111111,6.3547222222222",46.906111111111,6.3547222222222,Q3361,Doubs,FR,France,FRC,Bourgogne-Franche-Comté,FRC2,Franche-Comté,1175558,35904.7,FRC21,Doubs,546727,17545.4
https://en.wikipedia.org/wiki/Biathlon_at_the_2026_Winter_Olympics_%E2%80%93_Mixed_relay,Q137168950,biathlon at the 2026 Winter Olympics – mixed relay,Q166788,biathlon,Q111737756,biathlon at the 2026 Winter Olympics,gold,https://en.wikipedia.org/wiki/Julia_Simon_(biathlete),Q19207085,Julia Simon,https://en.wikipedia.org/wiki/France_at_the_2026_Winter_Olympics,Q111721486,France at the 2026 Winter Olympics,Q142,France,1996-10-09,Q6581072,female,Q159469,Albertville,"45.675833333333,6.3925",45.675833333333,6.3925,Q700375,arrondissement of Albertville,FR,France,FRK,Auvergne-Rhône-Alpes,FRK2,Rhône-Alpes,6901647,284847.3,FRK27,Savoie,452844,19949.2
https://en.wikipedia.org/wiki/Biathlon_at_the_2026_Winter_Olympics_%E2%80%93_Mixed_relay,Q137168950,biathlon at the 2026 Winter Olympics – mixed relay,Q166788,biathlon,Q111737756,biathlon at the 2026 Winter Olympics,silver,https://en.wikipedia.org/wiki/Tommaso_Giacomel,Q104846256,Tommaso Giacomel,https://en.wikipedia.org/wiki/Italy_at_the_2026_Winter_Olympics,Q111721489,Italy at the 2026 Winter Olympics,Q38,Italy,2000-04-05,Q6581097,male,Q263305,Sterzing,"46.896324,11.43194",46.896324,11.43194,Q15124,South Tyrol,IT,Italy,ITH,Nord-Est,ITH1,Provincia Autonoma di Bolzano/Bozen,539679,32026.7,ITH10,Bolzano-Bozen,539679,29851.37
https://en.wikipedia.org/wiki/Biathlon_at_the_2026_Winter_Olympics_%E2%80%93_Mixed_relay,Q137168950,biathlon at the 2026 Winter Olympics – mixed relay,Q166788,biathlon,Q111737756,biathlon at the 2026 Winter Olympics,silver,https://en.wikipedia.org/wiki/Lukas_Hofer,Q978381,Lukas Hofer,https://en.wikipedia.org/wiki/Italy_at_the_2026_Winter_Olympics,Q111721489,Italy at the 2026 Winter Olympics,Q38,Italy,1989-09-30,Q6581097,male,Q256765,Bruneck,"46.796319,11.935512",46.796319,11.935512,Q15124,South Tyrol,IT,Italy,ITH,Nord-Est,ITH1,Provincia Autonoma di Bolzano/Bozen,539679,32026.7,ITH10,Bolzano-Bozen,539679,29851.37
https://en.wikipedia.org/wiki/Biathlon_at_the_2026_Winter_Olympics_%E2%80%93_Mixed_relay,Q137168950,biathlon at the 2026 Winter Olympics – mixed relay,Q166788,biathlon,Q111737756,biathlon at the 2026 Winter Olympics,silver,https://en.wikipedia.org/wiki/Dorothea_Wierer,Q458505,Dorothea Wierer,https://en.wikipedia.org/wiki/Italy_at_the_2026_Winter_Olympics,Q111721489,Italy at the 2026 Winter Olympics,Q38,Italy,1990-04-03,Q6581072,female,Q256765,Bruneck,"46.796319,11.935512",46.796319,11.935512,Q15124,South Tyrol,IT,Italy,ITH,Nord-Est,ITH1,Provincia Autonoma di Bolzano/Bozen,539679,32026.7,ITH10,Bolzano-Bozen,539679,29851.37
https://en.wikipedia.org/wiki/Biathlon_at_the_2026_Winter_Olympics_%E2%80%93_Mixed_relay,Q137168950,biathlon at the 2026 Winter Olympics – mixed relay,Q166788,biathlon,Q111737756,biathlon at the 2026 Winter Olympics,silver,https://en.wikipedia.org/wiki/Lisa_Vittozzi,Q15962014,Lisa Vittozzi,https://en.wikipedia.org/wiki/Italy_at_the_2026_Winter_Olympics,Q111721489,Italy at the 2026 Winter Olympics,Q38,Italy,1995-02-04,Q6581072,female,Q41065,Pieve di Cadore,"46.428709,12.375297",46.428709,12.375297,Q16126,Province of Belluno,IT,Italy,ITH,Nord-Est,ITH3,Veneto,4853472,197137.46,ITH33,Belluno,197708,7417.44
https://en.wikipedia.org/wiki/Biathlon_at_the_2026_Winter_Olympics_%E2%80%93_Mixed_relay,Q137168950,biathlon at the 2026 Winter Olympics – mixed relay,Q166788,biathlon,Q111737756,biathlon at the 2026 Winter Olympics,bronze,https://en.wikipedia.org/wiki/Justus_Strelow,Q86723988,Justus Strelow,https://en.wikipedia.org/wiki/Germany_at_the_2026_Winter_Olympics,Q111721467,Germany at the 2026 Winter Olympics,Q183,Germany,1996-12-30,Q6581097,male,Q6462,Dippoldiswalde,"50.893333333333,13.666666666667",50.893333333333,13.666666666667,Q6323,Sächsische Schweiz-Osterzgebirge,DE,Germany,DED,Sachsen,DED2,Dresden,1584687,63692.11,DED2F,Sächsische Schweiz-Osterzgebirge,243996,6710.25
https://en.wikipedia.org/wiki/Biathlon_at_the_2026_Winter_Olympics_%E2%80%93_Mixed_relay,Q137168950,biathlon at the 2026 Winter Olympics – mixed relay,Q166788,biathlon,Q111737756,biathlon at the 2026 Winter Olympics,bronze,https://en.wikipedia.org/wiki/Philipp_Nawrath,Q29000427,Philipp Nawrath,https://en.wikipedia.org/wiki/Germany_at_the_2026_Winter_Olympics,Q111721467,Germany at the 2026 Winter Olympics,Q183,Germany,1993-02-13,Q6581097,male,Q262684,Füssen,"47.5666666666667,10.7",47.5666666666667,10.7,Q10405,Ostallgäu,DE,Germany,DE2,Bayern,DE27,Schwaben,1933313,91539.65,DE27B,Ostallgäu,142047,6101.27
https://en.wikipedia.org/wiki/Biathlon_at_the_2026_Winter_Olympics_%E2%80%93_Mixed_relay,Q137168950,biathlon at the 2026 Winter Olympics – mixed relay,Q166788,biathlon,Q111737756,biathlon at the 2026 Winter Olympics,bronze,https://en.wikipedia.org/wiki/Vanessa_Voigt,Q87332648,Vanessa Voigt,https://en.wikipedia.org/wiki/Germany_at_the_2026_Winter_Olympics,Q111721467,Germany at the 2026 Winter Olympics,Q183,Germany,1997-10-07,Q6581072,female,Q489147,Schmalkalden,"50.716666666667,10.45",50.716666666667,10.45,Q7871,Schmalkalden-Meiningen,DE,Germany,DEG,Thüringen,DEG0,Thüringen,2100277,77260.31,DEG0B,Schmalkalden-Meiningen,123939,NA
https://en.wikipedia.org/wiki/Biathlon_at_the_2026_Winter_Olympics_%E2%80%93_Mixed_relay,Q137168950,biathlon at the 2026 Winter Olympics – mixed relay,Q166788,biathlon,Q111737756,biathlon at the 2026 Winter Olympics,bronze,https://en.wikipedia.org/wiki/Franziska_Preu%C3%9F,Q1450167,Franziska Preuß,https://en.wikipedia.org/wiki/Germany_at_the_2026_Winter_Olympics,Q111721467,Germany at the 2026 Winter Olympics,Q183,Germany,1994-03-11,Q6581072,female,Q259617,Wasserburg am Inn,"48.0608333333333,12.2333333333333",48.0608333333333,12.2333333333333,Q10526,District of Rosenheim,DE,Germany,DE2,Bayern,DE21,Oberbayern,4764548,349686.03,DE21K,"Rosenheim, Landkreis",258637,10404.32
https://en.wikipedia.org/wiki/Cross-country_skiing_at_the_2026_Winter_Olympics_%E2%80%93_Men%27s_20_kilometre_skiathlon,Q137163330,cross-country skiing at the 2026 Winter Olympics – men's 20 kilometre skiathlon,Q179687,cross-country skiing,Q111737762,cross-country skiing at the 2026 Winter Olympics,gold,https://en.wikipedia.org/wiki/Johannes_H%C3%B8sflot_Kl%C3%A6bo,Q19376368,Johannes Høsflot Klæbo,https://en.wikipedia.org/wiki/Norway_at_the_2026_Winter_Olympics,Q111721497,Norway at the 2026 Winter Olympics,Q20,Norway,1996-10-22,Q6581097,male,Q585,Oslo,"59.9133333333333,10.7388888888889",59.9133333333333,10.7388888888889,Q5245991,Oslo Municipality,NO,Norway,NO0,Norge,NO08,Oslo og Viken,2050625,132715.89,NO081,Oslo,724290,70969.76
https://en.wikipedia.org/wiki/Cross-country_skiing_at_the_2026_Winter_Olympics_%E2%80%93_Men%27s_20_kilometre_skiathlon,Q137163330,cross-country skiing at the 2026 Winter Olympics – men's 20 kilometre skiathlon,Q179687,cross-country skiing,Q111737762,cross-country skiing at the 2026 Winter Olympics,silver,https://en.wikipedia.org/wiki/Mathis_Desloges,Q123225178,Mathis Desloges,https://en.wikipedia.org/wiki/France_at_the_2026_Winter_Olympics,Q111721486,France at the 2026 Winter Olympics,Q142,France,2002-05-01,Q6581097,male,Q243868,Saint-Martin-d'Hères,"45.183611111111,5.7552777777778",45.183611111111,5.7552777777778,Q1727266,canton of Saint-Martin-d'Hères-Nord,FR,France,FRK,Auvergne-Rhône-Alpes,FRK2,Rhône-Alpes,6901647,284847.3,FRK24,Isère,1310648,53544.7
https://en.wikipedia.org/wiki/Cross-country_skiing_at_the_2026_Winter_Olympics_%E2%80%93_Men%27s_20_kilometre_skiathlon,Q137163330,cross-country skiing at the 2026 Winter Olympics – men's 20 kilometre skiathlon,Q179687,cross-country skiing,Q111737762,cross-country skiing at the 2026 Winter Olympics,bronze,https://en.wikipedia.org/wiki/Martin_Nyenget,Q18706450,Martin Løwstrøm Nyenget,https://en.wikipedia.org/wiki/Norway_at_the_2026_Winter_Olympics,Q111721497,Norway at the 2026 Winter Olympics,Q20,Norway,1992-04-01,Q6581097,male,Q20,Norway,"59.9333333333333,10.6833333333333",59.9333333333333,10.6833333333333,Q62589,Union between Sweden and Norway,NO,Norway,NO0,Norge,NO08,Oslo og Viken,2050625,132715.89,NO081,Oslo,724290,70969.76
https://en.wikipedia.org/wiki/Cross-country_skiing_at_the_2026_Winter_Olympics_%E2%80%93_Men%27s_sprint,Q137858787,cross-country skiing at the 2026 Winter Olympics – men's sprint,Q179687,cross-country skiing,Q111737762,cross-country skiing at the 2026 Winter Olympics,gold,https://en.wikipedia.org/wiki/Johannes_H%C3%B8sflot_Kl%C3%A6bo,Q19376368,Johannes Høsflot Klæbo,https://en.wikipedia.org/wiki/Norway_at_the_2026_Winter_Olympics,Q111721497,Norway at the 2026 Winter Olympics,Q20,Norway,1996-10-22,Q6581097,male,Q585,Oslo,"59.9133333333333,10.7388888888889",59.9133333333333,10.7388888888889,Q5245991,Oslo Municipality,NO,Norway,NO0,Norge,NO08,Oslo og Viken,2050625,132715.89,NO081,Oslo,724290,70969.76
https://en.wikipedia.org/wiki/Cross-country_skiing_at_the_2026_Winter_Olympics_%E2%80%93_Women%27s_10_kilometre_freestyle,Q137858782,cross-country skiing at the 2026 Winter Olympics – women's 10 kilometre freestyle,Q179687,cross-country skiing,Q111737762,cross-country skiing at the 2026 Winter Olympics,gold,https://en.wikipedia.org/wiki/Frida_Karlsson,Q48877776,Frida Karlsson,https://en.wikipedia.org/wiki/Sweden_at_the_2026_Winter_Olympics,Q111721505,Sweden at the 2026 Winter Olympics,Q34,Sweden,1999-08-10,Q6581072,female,Q10673246,Sollefteå Parish,"63.162269444444,17.284619444444",63.162269444444,17.284619444444,Q221990,Sollefteå Municipality,SE,Sweden,SE3,Norra Sverige,SE32,Mellersta Norrland,374297,17232.94,SE321,Västernorrlands län,241458,11738.28
https://en.wikipedia.org/wiki/Cross-country_skiing_at_the_2026_Winter_Olympics_%E2%80%93_Women%27s_10_kilometre_freestyle,Q137858782,cross-country skiing at the 2026 Winter Olympics – women's 10 kilometre freestyle,Q179687,cross-country skiing,Q111737762,cross-country skiing at the 2026 Winter Olympics,silver,https://en.wikipedia.org/wiki/Ebba_Andersson_(cross-country_skier),Q19516340,Ebba Andersson,https://en.wikipedia.org/wiki/Sweden_at_the_2026_Winter_Olympics,Q111721505,Sweden at the 2026 Winter Olympics,Q34,Sweden,1997-07-10,Q6581072,female,Q10468281,Delsbo parish,"61.813461111111,16.569611111111",61.813461111111,16.569611111111,Q29963,Hudiksvall Municipality,SE,Sweden,SE3,Norra Sverige,SE31,Norra Mellansverige,854488,33367.57,SE313,Gävleborgs län,284558,9942.44
https://en.wikipedia.org/wiki/Cross-country_skiing_at_the_2026_Winter_Olympics_%E2%80%93_Women%27s_20_kilometre_skiathlon,Q137163329,cross-country skiing at the 2026 Winter Olympics – women's 20 kilometre skiathlon,Q179687,cross-country skiing,Q111737762,cross-country skiing at the 2026 Winter Olympics,gold,https://en.wikipedia.org/wiki/Frida_Karlsson,Q48877776,Frida Karlsson,https://en.wikipedia.org/wiki/Sweden_at_the_2026_Winter_Olympics,Q111721505,Sweden at the 2026 Winter Olympics,Q34,Sweden,1999-08-10,Q6581072,female,Q10673246,Sollefteå Parish,"63.162269444444,17.284619444444",63.162269444444,17.284619444444,Q221990,Sollefteå Municipality,SE,Sweden,SE3,Norra Sverige,SE32,Mellersta Norrland,374297,17232.94,SE321,Västernorrlands län,241458,11738.28
https://en.wikipedia.org/wiki/Cross-country_skiing_at_the_2026_Winter_Olympics_%E2%80%93_Women%27s_20_kilometre_skiathlon,Q137163329,cross-country skiing at the 2026 Winter Olympics – women's 20 kilometre skiathlon,Q179687,cross-country skiing,Q111737762,cross-country skiing at the 2026 Winter Olympics,silver,https://en.wikipedia.org/wiki/Ebba_Andersson_(cross-country_skier),Q19516340,Ebba Andersson,https://en.wikipedia.org/wiki/Sweden_at_the_2026_Winter_Olympics,Q111721505,Sweden at the 2026 Winter Olympics,Q34,Sweden,1997-07-10,Q6581072,female,Q10468281,Delsbo parish,"61.813461111111,16.569611111111",61.813461111111,16.569611111111,Q29963,Hudiksvall Municipality,SE,Sweden,SE3,Norra Sverige,SE31,Norra Mellansverige,854488,33367.57,SE313,Gävleborgs län,284558,9942.44
https://en.wikipedia.org/wiki/Cross-country_skiing_at_the_2026_Winter_Olympics_%E2%80%93_Women%27s_20_kilometre_skiathlon,Q137163329,cross-country skiing at the 2026 Winter Olympics – women's 20 kilometre skiathlon,Q179687,cross-country skiing,Q111737762,cross-country skiing at the 2026 Winter Olympics,bronze,https://en.wikipedia.org/wiki/Heidi_Weng,Q7658,Heidi Weng,https://en.wikipedia.org/wiki/Norway_at_the_2026_Winter_Olympics,Q111721497,Norway at the 2026 Winter Olympics,Q20,Norway,1991-07-20,Q6581072,female,Q2427022,Ytre Enebakk,"59.728,11.039",59.728,11.039,Q57081,Enebakk,NO,Norway,NO0,Norge,NO08,Oslo og Viken,2050625,132715.89,NO082,Viken,1292241,NA
https://en.wikipedia.org/wiki/Cross-country_skiing_at_the_2026_Winter_Olympics_%E2%80%93_Women%27s_sprint,Q137858825,cross-country skiing at the 2026 Winter Olympics – women's sprint,Q179687,cross-country skiing,Q111737762,cross-country skiing at the 2026 Winter Olympics,gold,https://en.wikipedia.org/wiki/Linn_Svahn,Q62079573,Linn Svahn,https://en.wikipedia.org/wiki/Sweden_at_the_2026_Winter_Olympics,Q111721505,Sweden at the 2026 Winter Olympics,Q34,Sweden,1999-12-09,Q6581072,female,Q983893,Lycksele,"64.5963888888889,18.6752777777778",64.5963888888889,18.6752777777778,Q948462,Lycksele Municipality,SE,Sweden,SE3,Norra Sverige,SE33,Övre Norrland,529758,26908.71,SE331,Västerbottens län,281138,13082.31
https://en.wikipedia.org/wiki/Cross-country_skiing_at_the_2026_Winter_Olympics_%E2%80%93_Women%27s_sprint,Q137858825,cross-country skiing at the 2026 Winter Olympics – women's sprint,Q179687,cross-country skiing,Q111737762,cross-country skiing at the 2026 Winter Olympics,silver,https://en.wikipedia.org/wiki/Jonna_Sundling,Q21694564,Jonna Sundling,https://en.wikipedia.org/wiki/Sweden_at_the_2026_Winter_Olympics,Q111721505,Sweden at the 2026 Winter Olympics,Q34,Sweden,1994-12-28,Q6581072,female,Q18334316,Umeå stadsförsamling,"63.823611111111,20.267777777778",63.823611111111,20.267777777778,Q507709,Umeå Municipality,SE,Sweden,SE3,Norra Sverige,SE33,Övre Norrland,529758,26908.71,SE331,Västerbottens län,281138,13082.31
https://en.wikipedia.org/wiki/Cross-country_skiing_at_the_2026_Winter_Olympics_%E2%80%93_Women%27s_sprint,Q137858825,cross-country skiing at the 2026 Winter Olympics – women's sprint,Q179687,cross-country skiing,Q111737762,cross-country skiing at the 2026 Winter Olympics,bronze,https://en.wikipedia.org/wiki/Maja_Dahlqvist,Q18640273,Maja Dahlqvist,https://en.wikipedia.org/wiki/Sweden_at_the_2026_Winter_Olympics,Q111721505,Sweden at the 2026 Winter Olympics,Q34,Sweden,1994-04-15,Q6581072,female,Q10681131,Stora Tuna,"60.451944444444,15.475555555556",60.451944444444,15.475555555556,Q503209,Borlänge Municipality,SE,Sweden,SE3,Norra Sverige,SE31,Norra Mellansverige,854488,33367.57,SE312,Dalarnas län,286546,10863.98
https://en.wikipedia.org/wiki/Curling_at_the_2026_Winter_Olympics_%E2%80%93_Mixed_doubles_tournament,Q133896613,curling at the 2026 Winter Olympics – mixed doubles tournament,Q136851,curling,Q111737759,curling at the 2026 Winter Olympics,gold,https://en.wikipedia.org/wiki/Isabella_Wran%C3%A5,Q26838060,Isabella Wranå,https://en.wikipedia.org/wiki/Sweden_at_the_2026_Winter_Olympics,Q111721505,Sweden at the 2026 Winter Olympics,Q34,Sweden,1997-06-22,Q6581072,female,Q18334835,Vällingby församling,"59.36305,17.87027778",59.36305,17.87027778,Q506250,Stockholm,SE,Sweden,SE1,Östra Sverige,SE11,Stockholm,2473307,168988.2,SE110,Stockholms län,2473307,168988.2
https://en.wikipedia.org/wiki/Curling_at_the_2026_Winter_Olympics_%E2%80%93_Mixed_doubles_tournament,Q133896613,curling at the 2026 Winter Olympics – mixed doubles tournament,Q136851,curling,Q111737759,curling at the 2026 Winter Olympics,gold,https://en.wikipedia.org/wiki/Rasmus_Wran%C3%A5,Q28098756,Rasmus Wranå,https://en.wikipedia.org/wiki/Sweden_at_the_2026_Winter_Olympics,Q111721505,Sweden at the 2026 Winter Olympics,Q34,Sweden,1994-11-15,Q6581097,male,Q10658766,Råsunda church parish,"59.368552777778,17.987752777778",59.368552777778,17.987752777778,Q109010,Solna Municipality,SE,Sweden,SE1,Östra Sverige,SE11,Stockholm,2473307,168988.2,SE110,Stockholms län,2473307,168988.2
https://en.wikipedia.org/wiki/Curling_at_the_2026_Winter_Olympics_%E2%80%93_Mixed_doubles_tournament,Q133896613,curling at the 2026 Winter Olympics – mixed doubles tournament,Q136851,curling,Q111737759,curling at the 2026 Winter Olympics,bronze,https://en.wikipedia.org/wiki/Stefania_Constantini,Q49877114,Stefania Constantini,https://en.wikipedia.org/wiki/Italy_at_the_2026_Winter_Olympics,Q111721489,Italy at the 2026 Winter Olympics,Q38,Italy,1999-04-15,Q6581072,female,Q41065,Pieve di Cadore,"46.428709,12.375297",46.428709,12.375297,Q16126,Province of Belluno,IT,Italy,ITH,Nord-Est,ITH3,Veneto,4853472,197137.46,ITH33,Belluno,197708,7417.44
https://en.wikipedia.org/wiki/Curling_at_the_2026_Winter_Olympics_%E2%80%93_Mixed_doubles_tournament,Q133896613,curling at the 2026 Winter Olympics – mixed doubles tournament,Q136851,curling,Q111737759,curling at the 2026 Winter Olympics,bronze,https://en.wikipedia.org/wiki/Amos_Mosaner,Q20713874,Amos Mosaner,https://en.wikipedia.org/wiki/Italy_at_the_2026_Winter_Olympics,Q111721489,Italy at the 2026 Winter Olympics,Q38,Italy,1995-03-12,Q6581097,male,Q3376,Trento,"46.06666667,11.11666667",46.06666667,11.11666667,Q16289,Trentino,IT,Italy,ITH,Nord-Est,ITH2,Provincia Autonoma di Trento,546573,25205.27,ITH20,Trento,546573,23777.49
https://en.wikipedia.org/wiki/Figure_skating_at_the_2026_Winter_Olympics_%E2%80%93_Ice_dance,Q137379145,figure skating at the 2026 Winter Olympics – ice dance,NA,NA,Q111737770,figure skating at the 2026 Winter Olympics,gold,https://en.wikipedia.org/wiki/Guillaume_Cizeron,Q5616031,Guillaume Cizeron,https://en.wikipedia.org/wiki/France_at_the_2026_Winter_Olympics,Q111721486,France at the 2026 Winter Olympics,Q142,France,1994-11-12,Q6581097,male,Q213288,Montbrison,"45.6075,4.0652777777778",45.6075,4.0652777777778,Q12569,Loire,FR,France,FRK,Auvergne-Rhône-Alpes,FRK2,Rhône-Alpes,6901647,284847.3,FRK25,Loire,776329,24789.7
https://en.wikipedia.org/wiki/Figure_skating_at_the_2026_Winter_Olympics_%E2%80%93_Team_event,Q136825579,figure skating at the 2026 Winter Olympics – team event,Q38108,figure skating,Q111737770,figure skating at the 2026 Winter Olympics,bronze,https://en.wikipedia.org/wiki/Sara_Conti,Q56604575,Sara Conti,https://en.wikipedia.org/wiki/Italy_at_the_2026_Winter_Olympics,Q111721489,Italy at the 2026 Winter Olympics,Q38,Italy,2000-08-02,Q6581072,female,Q95066,Alzano Lombardo,"45.731666666667,9.7283333333333",45.731666666667,9.7283333333333,Q16137,Province of Bergamo,IT,Italy,ITC,Nord-Ovest,ITC4,Lombardia,10033918,490132.1,ITC46,Bergamo,1114780,42646.41
https://en.wikipedia.org/wiki/Figure_skating_at_the_2026_Winter_Olympics_%E2%80%93_Team_event,Q136825579,figure skating at the 2026 Winter Olympics – team event,Q38108,figure skating,Q111737770,figure skating at the 2026 Winter Olympics,bronze,https://en.wikipedia.org/wiki/Marco_Fabbri,Q1801599,Marco Fabbri,https://en.wikipedia.org/wiki/Italy_at_the_2026_Winter_Olympics,Q111721489,Italy at the 2026 Winter Olympics,Q38,Italy,1988-02-02,Q6581097,male,Q490,Milan,"45.466944444444,9.19",45.466944444444,9.19,Q15121,province of Milan,IT,Italy,ITC,Nord-Ovest,ITC4,Lombardia,10033918,490132.1,ITC4C,Milano,3246455,214200.15
https://en.wikipedia.org/wiki/Figure_skating_at_the_2026_Winter_Olympics_%E2%80%93_Team_event,Q136825579,figure skating at the 2026 Winter Olympics – team event,Q38108,figure skating,Q111737770,figure skating at the 2026 Winter Olympics,bronze,https://en.wikipedia.org/wiki/Daniel_Grassl,Q27150972,Daniel Grassl,https://en.wikipedia.org/wiki/Italy_at_the_2026_Winter_Olympics,Q111721489,Italy at the 2026 Winter Olympics,Q38,Italy,2002-04-04,Q6581097,male,Q131605,Merano,"46.669555,11.159419",46.669555,11.159419,Q15124,South Tyrol,IT,Italy,ITH,Nord-Est,ITH1,Provincia Autonoma di Bolzano/Bozen,539679,32026.7,ITH10,Bolzano-Bozen,539679,29851.37
https://en.wikipedia.org/wiki/Figure_skating_at_the_2026_Winter_Olympics_%E2%80%93_Team_event,Q136825579,figure skating at the 2026 Winter Olympics – team event,Q38108,figure skating,Q111737770,figure skating at the 2026 Winter Olympics,bronze,https://en.wikipedia.org/wiki/Charl%C3%A8ne_Guignard,Q5086384,Charlène Guignard,https://en.wikipedia.org/wiki/Italy_at_the_2026_Winter_Olympics,Q111721489,Italy at the 2026 Winter Olympics,Q38,Italy,1989-08-12,Q6581072,female,Q12193,Brest,"48.39,-4.4869444444444",48.39,-4.4869444444444,Q700737,arrondissement of Brest,FR,France,FRH,Bretagne,FRH0,Bretagne,3489252,119169.1,FRH02,Finistère,941086,30201.6
https://en.wikipedia.org/wiki/Figure_skating_at_the_2026_Winter_Olympics_%E2%80%93_Team_event,Q136825579,figure skating at the 2026 Winter Olympics – team event,Q38108,figure skating,Q111737770,figure skating at the 2026 Winter Olympics,bronze,https://en.wikipedia.org/wiki/Lara_Naki_Gutmann,Q56395947,Lara Naki Gutmann,https://en.wikipedia.org/wiki/Italy_at_the_2026_Winter_Olympics,Q111721489,Italy at the 2026 Winter Olympics,Q38,Italy,2002-11-06,Q6581072,female,Q3376,Trento,"46.06666667,11.11666667",46.06666667,11.11666667,Q16289,Trentino,IT,Italy,ITH,Nord-Est,ITH2,Provincia Autonoma di Trento,546573,25205.27,ITH20,Trento,546573,23777.49
https://en.wikipedia.org/wiki/Figure_skating_at_the_2026_Winter_Olympics_%E2%80%93_Team_event,Q136825579,figure skating at the 2026 Winter Olympics – team event,Q38108,figure skating,Q111737770,figure skating at the 2026 Winter Olympics,bronze,https://en.wikipedia.org/wiki/Niccol%C3%B2_Macii,Q18545907,Niccolò Macii,https://en.wikipedia.org/wiki/Italy_at_the_2026_Winter_Olympics,Q111721489,Italy at the 2026 Winter Olympics,Q38,Italy,1995-10-18,Q6581097,male,Q490,Milan,"45.466944444444,9.19",45.466944444444,9.19,Q15121,province of Milan,IT,Italy,ITC,Nord-Ovest,ITC4,Lombardia,10033918,490132.1,ITC4C,Milano,3246455,214200.15
https://en.wikipedia.org/wiki/Freestyle_skiing_at_the_2026_Winter_Olympics_%E2%80%93_Men%27s_slopestyle,Q137864113,freestyle skiing at the 2026 Winter Olympics – men's slopestyle,NA,NA,Q111737760,freestyle skiing at the 2026 Winter Olympics,gold,https://en.wikipedia.org/wiki/Birk_Ruud,Q29079922,Birk Ruud,https://en.wikipedia.org/wiki/Norway_at_the_2026_Winter_Olympics,Q111721497,Norway at the 2026 Winter Olympics,Q20,Norway,2000-04-02,Q6581097,male,Q57076,Bærum Municipality,"59.8904,10.526",59.8904,10.526,Q56407178,Viken,NO,Norway,NO0,Norge,NO08,Oslo og Viken,2050625,132715.89,NO082,Viken,1292241,NA
https://en.wikipedia.org/wiki/Freestyle_skiing_at_the_2026_Winter_Olympics_%E2%80%93_Women%27s_slopestyle,Q137864115,freestyle skiing at the 2026 Winter Olympics – women's slopestyle,Q189472,freestyle skiing,Q111737760,freestyle skiing at the 2026 Winter Olympics,gold,https://en.wikipedia.org/wiki/Mathilde_Gremaud,Q28123964,Mathilde Gremaud,https://en.wikipedia.org/wiki/Switzerland_at_the_2026_Winter_Olympics,Q111721506,Switzerland at the 2026 Winter Olympics,Q39,Switzerland,2000-02-08,Q6581072,female,Q36378,Fribourg,"46.8,7.15",46.8,7.15,Q660688,Sarine District,CH,Switzerland,CH0,Schweiz/Suisse/Svizzera,CH02,Espace Mittelland,1962040,136702,CH022,Freiburg,346674,18850.86
https://en.wikipedia.org/wiki/Freestyle_skiing_at_the_2026_Winter_Olympics_%E2%80%93_Women%27s_moguls,Q137911068,freestyle skiing at the 2026 Winter Olympics – women's moguls,NA,NA,Q111737760,freestyle skiing at the 2026 Winter Olympics,bronze,https://en.wikipedia.org/wiki/Perrine_Laffont,Q15712845,Perrine Laffont,https://en.wikipedia.org/wiki/France_at_the_2026_Winter_Olympics,Q111721486,France at the 2026 Winter Olympics,Q142,France,1998-10-28,Q6581072,female,Q223411,Lavelanet,"42.932777777778,1.8486111111111",42.932777777778,1.8486111111111,Q702045,arrondissement of Pamiers,FR,France,FRJ,Occitanie,FRJ2,Midi-Pyrénées,3208005,117935.7,FRJ21,Ariège,156586,3433.9
https://en.wikipedia.org/wiki/Luge_at_the_2026_Winter_Olympics_%E2%80%93_Men%27s_singles,Q136479169,luge at the 2026 Winter Olympics – men's singles,Q273285,luge,Q111737771,luge at the 2026 Winter Olympics,gold,https://en.wikipedia.org/wiki/Max_Langenhan,Q59584893,Max Langenhan,https://en.wikipedia.org/wiki/Germany_at_the_2026_Winter_Olympics,Q111721467,Germany at the 2026 Winter Olympics,Q183,Germany,1999-02-21,Q6581097,male,Q520025,Friedrichroda,"50.85754,10.56507",50.85754,10.56507,Q7869,Gotha,DE,Germany,DEG,Thüringen,DEG0,Thüringen,2100277,77260.31,DEG0C,Gotha,135838,4434.86
https://en.wikipedia.org/wiki/Luge_at_the_2026_Winter_Olympics_%E2%80%93_Men%27s_singles,Q136479169,luge at the 2026 Winter Olympics – men's singles,Q273285,luge,Q111737771,luge at the 2026 Winter Olympics,silver,https://en.wikipedia.org/wiki/Jonas_M%C3%BCller_(luger),Q61014920,Jonas Müller,https://en.wikipedia.org/wiki/Austria_at_the_2026_Winter_Olympics,Q111721470,Austria at the 2026 Winter Olympics,Q40,Austria,1997-10-04,Q6581097,male,Q494504,Bludenz,"47.153333333333,9.8219444444444",47.153333333333,9.8219444444444,Q698606,Bludenz District,AT,Austria,AT3,Westösterreich,AT34,Vorarlberg,411784,22305.06,AT341,Bludenz-Bregenzer Wald,95029,5457.05
https://en.wikipedia.org/wiki/Luge_at_the_2026_Winter_Olympics_%E2%80%93_Men%27s_singles,Q136479169,luge at the 2026 Winter Olympics – men's singles,Q273285,luge,Q111737771,luge at the 2026 Winter Olympics,bronze,https://en.wikipedia.org/wiki/Dominik_Fischnaller,Q3713347,Dominik Fischnaller,https://en.wikipedia.org/wiki/Italy_at_the_2026_Winter_Olympics,Q111721489,Italy at the 2026 Winter Olympics,Q38,Italy,1993-02-20,Q6581097,male,Q185541,Brixen,"46.716549,11.657851",46.716549,11.657851,Q15124,South Tyrol,IT,Italy,ITH,Nord-Est,ITH1,Provincia Autonoma di Bolzano/Bozen,539679,32026.7,ITH10,Bolzano-Bozen,539679,29851.37
https://en.wikipedia.org/wiki/Luge_at_the_2026_Winter_Olympics_%E2%80%93_Women%27s_singles,Q136479173,luge at the 2026 Winter Olympics – women's singles,Q273285,luge,Q111737771,luge at the 2026 Winter Olympics,gold,https://en.wikipedia.org/wiki/Julia_Taubitz,Q22338623,Julia Taubitz,https://en.wikipedia.org/wiki/Germany_at_the_2026_Winter_Olympics,Q111721467,Germany at the 2026 Winter Olympics,Q183,Germany,1996-03-01,Q6581072,female,Q57944,Annaberg-Buchholz,"50.58,13.002222222222",50.58,13.002222222222,Q6339,Erzgebirgskreis,DE,Germany,DED,Sachsen,DED4,Chemnitz,1386336,50161.34,DED42,Erzgebirgskreis,318394,9167.91
https://en.wikipedia.org/wiki/Luge_at_the_2026_Winter_Olympics_%E2%80%93_Women%27s_singles,Q136479173,luge at the 2026 Winter Olympics – women's singles,Q273285,luge,Q111737771,luge at the 2026 Winter Olympics,silver,https://en.wikipedia.org/wiki/El%C4%ABna_Ieva_Bota,Q105600322,Elīna Ieva Bota,https://en.wikipedia.org/wiki/Latvia_at_the_2026_Winter_Olympics,Q111721493,Latvia at the 2026 Winter Olympics,Q211,Latvia,2000-05-14,Q6581072,female,Q465698,Sigulda,"57.153888888889,24.854444444444",57.153888888889,24.854444444444,Q16408787,NA,LV,Latvia,LV0,Latvija,LV00,Latvija,1860565,39013.76,LV007,Pierīga,390676,NA
https://en.wikipedia.org/wiki/Luge_at_the_2026_Winter_Olympics_%E2%80%93_Men%27s_doubles,Q136479171,luge at the 2026 Winter Olympics – men's doubles,Q273285,luge,Q111737771,luge at the 2026 Winter Olympics,gold,https://en.wikipedia.org/wiki/Emanuel_Rieder,Q3723832,Emanuel Rieder,https://en.wikipedia.org/wiki/Italy_at_the_2026_Winter_Olympics,Q111721489,Italy at the 2026 Winter Olympics,Q38,Italy,1993-10-01,Q6581097,male,Q185541,Brixen,"46.716549,11.657851",46.716549,11.657851,Q15124,South Tyrol,IT,Italy,ITH,Nord-Est,ITH1,Provincia Autonoma di Bolzano/Bozen,539679,32026.7,ITH10,Bolzano-Bozen,539679,29851.37
https://en.wikipedia.org/wiki/Luge_at_the_2026_Winter_Olympics_%E2%80%93_Men%27s_doubles,Q136479171,luge at the 2026 Winter Olympics – men's doubles,Q273285,luge,Q111737771,luge at the 2026 Winter Olympics,gold,https://en.wikipedia.org/wiki/Simon_Kainzwaldner,Q3961119,Simon Kainzwaldner,https://en.wikipedia.org/wiki/Italy_at_the_2026_Winter_Olympics,Q111721489,Italy at the 2026 Winter Olympics,Q38,Italy,1994-02-24,Q6581097,male,Q6526,Bolzano,"46.498113,11.35478",46.498113,11.35478,Q15124,South Tyrol,IT,Italy,ITH,Nord-Est,ITH1,Provincia Autonoma di Bolzano/Bozen,539679,32026.7,ITH10,Bolzano-Bozen,539679,29851.37
https://en.wikipedia.org/wiki/Luge_at_the_2026_Winter_Olympics_%E2%80%93_Men%27s_doubles,Q136479171,luge at the 2026 Winter Olympics – men's doubles,Q273285,luge,Q111737771,luge at the 2026 Winter Olympics,silver,https://en.wikipedia.org/wiki/Thomas_Steu,Q28445651,Thomas Steu,https://en.wikipedia.org/wiki/Austria_at_the_2026_Winter_Olympics,Q111721470,Austria at the 2026 Winter Olympics,Q40,Austria,1994-02-09,Q6581097,male,Q494504,Bludenz,"47.153333333333,9.8219444444444",47.153333333333,9.8219444444444,Q698606,Bludenz District,AT,Austria,AT3,Westösterreich,AT34,Vorarlberg,411784,22305.06,AT341,Bludenz-Bregenzer Wald,95029,5457.05
https://en.wikipedia.org/wiki/Luge_at_the_2026_Winter_Olympics_%E2%80%93_Men%27s_doubles,Q136479171,luge at the 2026 Winter Olympics – men's doubles,Q273285,luge,Q111737771,luge at the 2026 Winter Olympics,silver,https://en.wikipedia.org/wiki/Wolfgang_Kindl,Q682451,Wolfgang Kindl,https://en.wikipedia.org/wiki/Austria_at_the_2026_Winter_Olympics,Q111721470,Austria at the 2026 Winter Olympics,Q40,Austria,1988-04-18,Q6581097,male,Q1735,Innsbruck,"47.268333333333,11.393333333333",47.268333333333,11.393333333333,Q1664104,Innkreis,AT,Austria,AT3,Westösterreich,AT33,Tirol,777660,41953.24,AT332,Innsbruck,319242,16435.9
https://en.wikipedia.org/wiki/Luge_at_the_2026_Winter_Olympics_%E2%80%93_Men%27s_doubles,Q136479171,luge at the 2026 Winter Olympics – men's doubles,Q273285,luge,Q111737771,luge at the 2026 Winter Olympics,bronze,https://en.wikipedia.org/wiki/Tobias_Wendl,Q68693,Tobias Wendl,https://en.wikipedia.org/wiki/Germany_at_the_2026_Winter_Olympics,Q111721467,Germany at the 2026 Winter Olympics,Q183,Germany,1987-06-16,Q6581097,male,Q1017,Aachen,"50.776207,6.083788",50.776207,6.083788,Q6272,Aachen cities region,DE,Germany,DEA,Nordrhein-Westfalen,DEA2,Köln,4486282,231610.7,DEA2D,Städteregion Aachen,582410,24325.95
https://en.wikipedia.org/wiki/Luge_at_the_2026_Winter_Olympics_%E2%80%93_Men%27s_doubles,Q136479171,luge at the 2026 Winter Olympics – men's doubles,Q273285,luge,Q111737771,luge at the 2026 Winter Olympics,bronze,https://en.wikipedia.org/wiki/Tobias_Arlt,Q68641,Tobias Arlt,https://en.wikipedia.org/wiki/Germany_at_the_2026_Winter_Olympics,Q111721467,Germany at the 2026 Winter Olympics,Q183,Germany,1987-06-02,Q6581097,male,Q278221,Berchtesgaden,"47.631388888889,13.004166666667",47.631388888889,13.004166666667,Q10530,District of Berchtesgadener Land,DE,Germany,DE2,Bayern,DE21,Oberbayern,4764548,349686.03,DE215,Berchtesgadener Land,105292,4254.25
https://en.wikipedia.org/wiki/Luge_at_the_2026_Winter_Olympics_%E2%80%93_Women%27s_doubles,Q136479172,luge at the 2026 Winter Olympics – women's doubles,Q273285,luge,Q111737771,luge at the 2026 Winter Olympics,gold,https://en.wikipedia.org/wiki/Andrea_V%C3%B6tter,Q15728291,Andrea Vötter,https://en.wikipedia.org/wiki/Italy_at_the_2026_Winter_Olympics,Q111721489,Italy at the 2026 Winter Olympics,Q38,Italy,1995-04-03,Q6581072,female,Q185541,Brixen,"46.716549,11.657851",46.716549,11.657851,Q15124,South Tyrol,IT,Italy,ITH,Nord-Est,ITH1,Provincia Autonoma di Bolzano/Bozen,539679,32026.7,ITH10,Bolzano-Bozen,539679,29851.37
https://en.wikipedia.org/wiki/Luge_at_the_2026_Winter_Olympics_%E2%80%93_Women%27s_doubles,Q136479172,luge at the 2026 Winter Olympics – women's doubles,Q273285,luge,Q111737771,luge at the 2026 Winter Olympics,gold,https://en.wikipedia.org/wiki/Marion_Oberhofer,Q22811520,Marion Oberhofer,https://en.wikipedia.org/wiki/Italy_at_the_2026_Winter_Olympics,Q111721489,Italy at the 2026 Winter Olympics,Q38,Italy,2000-12-14,Q6581072,female,Q474782,Innichen,"46.732872,12.279167",46.732872,12.279167,Q15124,South Tyrol,IT,Italy,ITH,Nord-Est,ITH1,Provincia Autonoma di Bolzano/Bozen,539679,32026.7,ITH10,Bolzano-Bozen,539679,29851.37
https://en.wikipedia.org/wiki/Luge_at_the_2026_Winter_Olympics_%E2%80%93_Women%27s_doubles,Q136479172,luge at the 2026 Winter Olympics – women's doubles,Q273285,luge,Q111737771,luge at the 2026 Winter Olympics,silver,https://en.wikipedia.org/wiki/Dajana_Eitberger,Q15639748,Dajana Eitberger,https://en.wikipedia.org/wiki/Germany_at_the_2026_Winter_Olympics,Q111721467,Germany at the 2026 Winter Olympics,Q183,Germany,1991-01-07,Q6581072,female,Q205929,Ilmenau,"50.687222222222,10.914166666667",50.687222222222,10.914166666667,Q7878,Ilm-Kreis,DE,Germany,DEG,Thüringen,DEG0,Thüringen,2100277,77260.31,DEG0F,Ilm-Kreis,106776,NA
https://en.wikipedia.org/wiki/Luge_at_the_2026_Winter_Olympics_%E2%80%93_Women%27s_doubles,Q136479172,luge at the 2026 Winter Olympics – women's doubles,Q273285,luge,Q111737771,luge at the 2026 Winter Olympics,silver,https://en.wikipedia.org/wiki/Magdalena_Matschina,Q115765387,Magdalena Matschina,https://en.wikipedia.org/wiki/Germany_at_the_2026_Winter_Olympics,Q111721467,Germany at the 2026 Winter Olympics,Q183,Germany,2005-03-23,Q6581072,female,Q5758,Bad Aibling,"47.8638888888889,12.01",47.8638888888889,12.01,Q10526,District of Rosenheim,DE,Germany,DE2,Bayern,DE21,Oberbayern,4764548,349686.03,DE21K,"Rosenheim, Landkreis",258637,10404.32
https://en.wikipedia.org/wiki/Luge_at_the_2026_Winter_Olympics_%E2%80%93_Women%27s_doubles,Q136479172,luge at the 2026 Winter Olympics – women's doubles,Q273285,luge,Q111737771,luge at the 2026 Winter Olympics,bronze,https://en.wikipedia.org/wiki/Selina_Egle,Q81902741,Selina Egle,https://en.wikipedia.org/wiki/Austria_at_the_2026_Winter_Olympics,Q111721470,Austria at the 2026 Winter Olympics,Q40,Austria,2003-01-15,Q6581072,female,Q302745,Hall in Tirol,"47.283333333333,11.5",47.283333333333,11.5,Q699582,Innsbruck-Land District,AT,Austria,AT3,Westösterreich,AT33,Tirol,777660,41953.24,AT332,Innsbruck,319242,16435.9
https://en.wikipedia.org/wiki/Luge_at_the_2026_Winter_Olympics_%E2%80%93_Women%27s_doubles,Q136479172,luge at the 2026 Winter Olympics – women's doubles,Q273285,luge,Q111737771,luge at the 2026 Winter Olympics,bronze,https://en.wikipedia.org/wiki/Lara_Kipp,Q81904319,Lara Kipp,https://en.wikipedia.org/wiki/Austria_at_the_2026_Winter_Olympics,Q111721470,Austria at the 2026 Winter Olympics,Q40,Austria,2002-10-04,Q6581072,female,Q1735,Innsbruck,"47.268333333333,11.393333333333",47.268333333333,11.393333333333,Q1664104,Innkreis,AT,Austria,AT3,Westösterreich,AT33,Tirol,777660,41953.24,AT332,Innsbruck,319242,16435.9
https://en.wikipedia.org/wiki/Luge_at_the_2026_Winter_Olympics_%E2%80%93_Team_relay,Q136479174,luge at the 2026 Winter Olympics – team relay,Q273285,luge,Q111737771,luge at the 2026 Winter Olympics,gold,https://en.wikipedia.org/wiki/Julia_Taubitz,Q22338623,Julia Taubitz,https://en.wikipedia.org/wiki/Germany_at_the_2026_Winter_Olympics,Q111721467,Germany at the 2026 Winter Olympics,Q183,Germany,1996-03-01,Q6581072,female,Q57944,Annaberg-Buchholz,"50.58,13.002222222222",50.58,13.002222222222,Q6339,Erzgebirgskreis,DE,Germany,DED,Sachsen,DED4,Chemnitz,1386336,50161.34,DED42,Erzgebirgskreis,318394,9167.91
https://en.wikipedia.org/wiki/Luge_at_the_2026_Winter_Olympics_%E2%80%93_Team_relay,Q136479174,luge at the 2026 Winter Olympics – team relay,Q273285,luge,Q111737771,luge at the 2026 Winter Olympics,gold,https://en.wikipedia.org/wiki/Tobias_Wendl,Q68693,Tobias Wendl,https://en.wikipedia.org/wiki/Germany_at_the_2026_Winter_Olympics,Q111721467,Germany at the 2026 Winter Olympics,Q183,Germany,1987-06-16,Q6581097,male,Q1017,Aachen,"50.776207,6.083788",50.776207,6.083788,Q6272,Aachen cities region,DE,Germany,DEA,Nordrhein-Westfalen,DEA2,Köln,4486282,231610.7,DEA2D,Städteregion Aachen,582410,24325.95
https://en.wikipedia.org/wiki/Luge_at_the_2026_Winter_Olympics_%E2%80%93_Team_relay,Q136479174,luge at the 2026 Winter Olympics – team relay,Q273285,luge,Q111737771,luge at the 2026 Winter Olympics,gold,https://en.wikipedia.org/wiki/Tobias_Arlt,Q68641,Tobias Arlt,https://en.wikipedia.org/wiki/Germany_at_the_2026_Winter_Olympics,Q111721467,Germany at the 2026 Winter Olympics,Q183,Germany,1987-06-02,Q6581097,male,Q278221,Berchtesgaden,"47.631388888889,13.004166666667",47.631388888889,13.004166666667,Q10530,District of Berchtesgadener Land,DE,Germany,DE2,Bayern,DE21,Oberbayern,4764548,349686.03,DE215,Berchtesgadener Land,105292,4254.25
https://en.wikipedia.org/wiki/Luge_at_the_2026_Winter_Olympics_%E2%80%93_Team_relay,Q136479174,luge at the 2026 Winter Olympics – team relay,Q273285,luge,Q111737771,luge at the 2026 Winter Olympics,gold,https://en.wikipedia.org/wiki/Max_Langenhan,Q59584893,Max Langenhan,https://en.wikipedia.org/wiki/Germany_at_the_2026_Winter_Olympics,Q111721467,Germany at the 2026 Winter Olympics,Q183,Germany,1999-02-21,Q6581097,male,Q520025,Friedrichroda,"50.85754,10.56507",50.85754,10.56507,Q7869,Gotha,DE,Germany,DEG,Thüringen,DEG0,Thüringen,2100277,77260.31,DEG0C,Gotha,135838,4434.86
https://en.wikipedia.org/wiki/Luge_at_the_2026_Winter_Olympics_%E2%80%93_Team_relay,Q136479174,luge at the 2026 Winter Olympics – team relay,Q273285,luge,Q111737771,luge at the 2026 Winter Olympics,gold,https://en.wikipedia.org/wiki/Dajana_Eitberger,Q15639748,Dajana Eitberger,https://en.wikipedia.org/wiki/Germany_at_the_2026_Winter_Olympics,Q111721467,Germany at the 2026 Winter Olympics,Q183,Germany,1991-01-07,Q6581072,female,Q205929,Ilmenau,"50.687222222222,10.914166666667",50.687222222222,10.914166666667,Q7878,Ilm-Kreis,DE,Germany,DEG,Thüringen,DEG0,Thüringen,2100277,77260.31,DEG0F,Ilm-Kreis,106776,NA
https://en.wikipedia.org/wiki/Luge_at_the_2026_Winter_Olympics_%E2%80%93_Team_relay,Q136479174,luge at the 2026 Winter Olympics – team relay,Q273285,luge,Q111737771,luge at the 2026 Winter Olympics,gold,https://en.wikipedia.org/wiki/Magdalena_Matschina,Q115765387,Magdalena Matschina,https://en.wikipedia.org/wiki/Germany_at_the_2026_Winter_Olympics,Q111721467,Germany at the 2026 Winter Olympics,Q183,Germany,2005-03-23,Q6581072,female,Q5758,Bad Aibling,"47.8638888888889,12.01",47.8638888888889,12.01,Q10526,District of Rosenheim,DE,Germany,DE2,Bayern,DE21,Oberbayern,4764548,349686.03,DE21K,"Rosenheim, Landkreis",258637,10404.32
https://en.wikipedia.org/wiki/Luge_at_the_2026_Winter_Olympics_%E2%80%93_Team_relay,Q136479174,luge at the 2026 Winter Olympics – team relay,Q273285,luge,Q111737771,luge at the 2026 Winter Olympics,silver,https://en.wikipedia.org/wiki/Lisa_Schulte_(luger),Q62018266,Lisa Schulte,https://en.wikipedia.org/wiki/Austria_at_the_2026_Winter_Olympics,Q111721470,Austria at the 2026 Winter Olympics,Q40,Austria,2000-12-13,Q6581072,female,Q2978,Regensburg,"49.0166666666667,12.0833333333333",49.0166666666667,12.0833333333333,Q10555,Upper Palatinate,DE,Germany,DE2,Bayern,DE23,Oberpfalz,1121379,59670.61,DE232,"Regensburg, Kreisfreie Stadt",151389,14747.67
https://en.wikipedia.org/wiki/Luge_at_the_2026_Winter_Olympics_%E2%80%93_Team_relay,Q136479174,luge at the 2026 Winter Olympics – team relay,Q273285,luge,Q111737771,luge at the 2026 Winter Olympics,silver,https://en.wikipedia.org/wiki/Thomas_Steu,Q28445651,Thomas Steu,https://en.wikipedia.org/wiki/Austria_at_the_2026_Winter_Olympics,Q111721470,Austria at the 2026 Winter Olympics,Q40,Austria,1994-02-09,Q6581097,male,Q494504,Bludenz,"47.153333333333,9.8219444444444",47.153333333333,9.8219444444444,Q698606,Bludenz District,AT,Austria,AT3,Westösterreich,AT34,Vorarlberg,411784,22305.06,AT341,Bludenz-Bregenzer Wald,95029,5457.05
https://en.wikipedia.org/wiki/Luge_at_the_2026_Winter_Olympics_%E2%80%93_Team_relay,Q136479174,luge at the 2026 Winter Olympics – team relay,Q273285,luge,Q111737771,luge at the 2026 Winter Olympics,silver,https://en.wikipedia.org/wiki/Wolfgang_Kindl,Q682451,Wolfgang Kindl,https://en.wikipedia.org/wiki/Austria_at_the_2026_Winter_Olympics,Q111721470,Austria at the 2026 Winter Olympics,Q40,Austria,1988-04-18,Q6581097,male,Q1735,Innsbruck,"47.268333333333,11.393333333333",47.268333333333,11.393333333333,Q1664104,Innkreis,AT,Austria,AT3,Westösterreich,AT33,Tirol,777660,41953.24,AT332,Innsbruck,319242,16435.9
https://en.wikipedia.org/wiki/Luge_at_the_2026_Winter_Olympics_%E2%80%93_Team_relay,Q136479174,luge at the 2026 Winter Olympics – team relay,Q273285,luge,Q111737771,luge at the 2026 Winter Olympics,silver,https://en.wikipedia.org/wiki/Jonas_M%C3%BCller_(luger),Q61014920,Jonas Müller,https://en.wikipedia.org/wiki/Austria_at_the_2026_Winter_Olympics,Q111721470,Austria at the 2026 Winter Olympics,Q40,Austria,1997-10-04,Q6581097,male,Q494504,Bludenz,"47.153333333333,9.8219444444444",47.153333333333,9.8219444444444,Q698606,Bludenz District,AT,Austria,AT3,Westösterreich,AT34,Vorarlberg,411784,22305.06,AT341,Bludenz-Bregenzer Wald,95029,5457.05
https://en.wikipedia.org/wiki/Luge_at_the_2026_Winter_Olympics_%E2%80%93_Team_relay,Q136479174,luge at the 2026 Winter Olympics – team relay,Q273285,luge,Q111737771,luge at the 2026 Winter Olympics,silver,https://en.wikipedia.org/wiki/Selina_Egle,Q81902741,Selina Egle,https://en.wikipedia.org/wiki/Austria_at_the_2026_Winter_Olympics,Q111721470,Austria at the 2026 Winter Olympics,Q40,Austria,2003-01-15,Q6581072,female,Q302745,Hall in Tirol,"47.283333333333,11.5",47.283333333333,11.5,Q699582,Innsbruck-Land District,AT,Austria,AT3,Westösterreich,AT33,Tirol,777660,41953.24,AT332,Innsbruck,319242,16435.9
https://en.wikipedia.org/wiki/Luge_at_the_2026_Winter_Olympics_%E2%80%93_Team_relay,Q136479174,luge at the 2026 Winter Olympics – team relay,Q273285,luge,Q111737771,luge at the 2026 Winter Olympics,silver,https://en.wikipedia.org/wiki/Lara_Kipp,Q81904319,Lara Kipp,https://en.wikipedia.org/wiki/Austria_at_the_2026_Winter_Olympics,Q111721470,Austria at the 2026 Winter Olympics,Q40,Austria,2002-10-04,Q6581072,female,Q1735,Innsbruck,"47.268333333333,11.393333333333",47.268333333333,11.393333333333,Q1664104,Innkreis,AT,Austria,AT3,Westösterreich,AT33,Tirol,777660,41953.24,AT332,Innsbruck,319242,16435.9
https://en.wikipedia.org/wiki/Luge_at_the_2026_Winter_Olympics_%E2%80%93_Team_relay,Q136479174,luge at the 2026 Winter Olympics – team relay,Q273285,luge,Q111737771,luge at the 2026 Winter Olympics,bronze,https://en.wikipedia.org/wiki/Verena_Hofer,Q110910480,Verena Hofer,https://en.wikipedia.org/wiki/Italy_at_the_2026_Winter_Olympics,Q111721489,Italy at the 2026 Winter Olympics,Q38,Italy,2001-03-17,Q6581072,female,Q185541,Brixen,"46.716549,11.657851",46.716549,11.657851,Q15124,South Tyrol,IT,Italy,ITH,Nord-Est,ITH1,Provincia Autonoma di Bolzano/Bozen,539679,32026.7,ITH10,Bolzano-Bozen,539679,29851.37
https://en.wikipedia.org/wiki/Luge_at_the_2026_Winter_Olympics_%E2%80%93_Team_relay,Q136479174,luge at the 2026 Winter Olympics – team relay,Q273285,luge,Q111737771,luge at the 2026 Winter Olympics,bronze,https://en.wikipedia.org/wiki/Emanuel_Rieder,Q3723832,Emanuel Rieder,https://en.wikipedia.org/wiki/Italy_at_the_2026_Winter_Olympics,Q111721489,Italy at the 2026 Winter Olympics,Q38,Italy,1993-10-01,Q6581097,male,Q185541,Brixen,"46.716549,11.657851",46.716549,11.657851,Q15124,South Tyrol,IT,Italy,ITH,Nord-Est,ITH1,Provincia Autonoma di Bolzano/Bozen,539679,32026.7,ITH10,Bolzano-Bozen,539679,29851.37
https://en.wikipedia.org/wiki/Luge_at_the_2026_Winter_Olympics_%E2%80%93_Team_relay,Q136479174,luge at the 2026 Winter Olympics – team relay,Q273285,luge,Q111737771,luge at the 2026 Winter Olympics,bronze,https://en.wikipedia.org/wiki/Simon_Kainzwaldner,Q3961119,Simon Kainzwaldner,https://en.wikipedia.org/wiki/Italy_at_the_2026_Winter_Olympics,Q111721489,Italy at the 2026 Winter Olympics,Q38,Italy,1994-02-24,Q6581097,male,Q6526,Bolzano,"46.498113,11.35478",46.498113,11.35478,Q15124,South Tyrol,IT,Italy,ITH,Nord-Est,ITH1,Provincia Autonoma di Bolzano/Bozen,539679,32026.7,ITH10,Bolzano-Bozen,539679,29851.37
https://en.wikipedia.org/wiki/Luge_at_the_2026_Winter_Olympics_%E2%80%93_Team_relay,Q136479174,luge at the 2026 Winter Olympics – team relay,Q273285,luge,Q111737771,luge at the 2026 Winter Olympics,bronze,https://en.wikipedia.org/wiki/Dominik_Fischnaller,Q3713347,Dominik Fischnaller,https://en.wikipedia.org/wiki/Italy_at_the_2026_Winter_Olympics,Q111721489,Italy at the 2026 Winter Olympics,Q38,Italy,1993-02-20,Q6581097,male,Q185541,Brixen,"46.716549,11.657851",46.716549,11.657851,Q15124,South Tyrol,IT,Italy,ITH,Nord-Est,ITH1,Provincia Autonoma di Bolzano/Bozen,539679,32026.7,ITH10,Bolzano-Bozen,539679,29851.37
https://en.wikipedia.org/wiki/Luge_at_the_2026_Winter_Olympics_%E2%80%93_Team_relay,Q136479174,luge at the 2026 Winter Olympics – team relay,Q273285,luge,Q111737771,luge at the 2026 Winter Olympics,bronze,https://en.wikipedia.org/wiki/Andrea_V%C3%B6tter,Q15728291,Andrea Vötter,https://en.wikipedia.org/wiki/Italy_at_the_2026_Winter_Olympics,Q111721489,Italy at the 2026 Winter Olympics,Q38,Italy,1995-04-03,Q6581072,female,Q185541,Brixen,"46.716549,11.657851",46.716549,11.657851,Q15124,South Tyrol,IT,Italy,ITH,Nord-Est,ITH1,Provincia Autonoma di Bolzano/Bozen,539679,32026.7,ITH10,Bolzano-Bozen,539679,29851.37
https://en.wikipedia.org/wiki/Luge_at_the_2026_Winter_Olympics_%E2%80%93_Team_relay,Q136479174,luge at the 2026 Winter Olympics – team relay,Q273285,luge,Q111737771,luge at the 2026 Winter Olympics,bronze,https://en.wikipedia.org/wiki/Marion_Oberhofer,Q22811520,Marion Oberhofer,https://en.wikipedia.org/wiki/Italy_at_the_2026_Winter_Olympics,Q111721489,Italy at the 2026 Winter Olympics,Q38,Italy,2000-12-14,Q6581072,female,Q474782,Innichen,"46.732872,12.279167",46.732872,12.279167,Q15124,South Tyrol,IT,Italy,ITH,Nord-Est,ITH1,Provincia Autonoma di Bolzano/Bozen,539679,32026.7,ITH10,Bolzano-Bozen,539679,29851.37
https://en.wikipedia.org/wiki/Nordic_combined_at_the_2026_Winter_Olympics_%E2%80%93_Individual_normal_hill/10_km,Q137791610,Nordic combined at the 2026 Winter Olympics – individual normal hill/10 km,Q201965,Nordic combined,Q111737758,Nordic combined at the 2026 Winter Olympics,gold,https://en.wikipedia.org/wiki/Jens_Lur%C3%A5s_Oftebro,Q47478268,Jens Lurås Oftebro,https://en.wikipedia.org/wiki/Norway_at_the_2026_Winter_Olympics,Q111721497,Norway at the 2026 Winter Olympics,Q20,Norway,2000-07-21,Q6581097,male,Q585,Oslo,"59.9133333333333,10.7388888888889",59.9133333333333,10.7388888888889,Q5245991,Oslo Municipality,NO,Norway,NO0,Norge,NO08,Oslo og Viken,2050625,132715.89,NO081,Oslo,724290,70969.76
https://en.wikipedia.org/wiki/Nordic_combined_at_the_2026_Winter_Olympics_%E2%80%93_Individual_normal_hill/10_km,Q137791610,Nordic combined at the 2026 Winter Olympics – individual normal hill/10 km,Q201965,Nordic combined,Q111737758,Nordic combined at the 2026 Winter Olympics,silver,https://en.wikipedia.org/wiki/Johannes_Lamparter,Q60182081,Johannes Lamparter,https://en.wikipedia.org/wiki/Austria_at_the_2026_Winter_Olympics,Q111721470,Austria at the 2026 Winter Olympics,Q40,Austria,2001-11-08,Q6581097,male,Q302745,Hall in Tirol,"47.283333333333,11.5",47.283333333333,11.5,Q699582,Innsbruck-Land District,AT,Austria,AT3,Westösterreich,AT33,Tirol,777660,41953.24,AT332,Innsbruck,319242,16435.9
https://en.wikipedia.org/wiki/Nordic_combined_at_the_2026_Winter_Olympics_%E2%80%93_Individual_normal_hill/10_km,Q137791610,Nordic combined at the 2026 Winter Olympics – individual normal hill/10 km,Q201965,Nordic combined,Q111737758,Nordic combined at the 2026 Winter Olympics,bronze,https://en.wikipedia.org/wiki/Eero_Hirvonen,Q20250425,Eero Hirvonen,https://en.wikipedia.org/wiki/Finland_at_the_2026_Winter_Olympics,Q111721485,Finland at the 2026 Winter Olympics,Q33,Finland,1996-01-30,Q6581097,male,Q990553,Laukaa,"62.4138888888889,25.9541666666667",62.4138888888889,25.9541666666667,Q5697,Central Finland,FI,Finland,FI1,Manner-Suomi,FI19,Länsi-Suomi,1399457,62679.46,FI193,Keski-Suomi,274556,NA
https://en.wikipedia.org/wiki/Short-track_speed_skating_at_the_2026_Winter_Olympics_%E2%80%93_Men%27s_1000_metres,Q137864146,short-track speed skating at the 2026 Winter Olympics – men's 1000 metres,Q193654,short-track speed skating,Q111737768,short track speed skating at the 2026 Winter Olympics,gold,https://en.wikipedia.org/wiki/Jens_van_%27t_Wout,Q105151424,Jens van 't Wout,https://en.wikipedia.org/wiki/Netherlands_at_the_2026_Winter_Olympics,Q111721496,Netherlands at the 2026 Winter Olympics,Q55,Netherlands,2001-10-06,Q6581097,male,Q9945,Laren,"52.254444444444,5.2316666666667",52.254444444444,5.2316666666667,Q701,North Holland,NL,Netherlands,NL3,West-Nederland,NL31,Utrecht,1387643,NA,NL310,Utrecht,1387643,NA
https://en.wikipedia.org/wiki/Short-track_speed_skating_at_the_2026_Winter_Olympics_%E2%80%93_Women%27s_500_metres,Q137864136,short-track speed skating at the 2026 Winter Olympics – women's 500 metres,NA,NA,Q111737768,short track speed skating at the 2026 Winter Olympics,gold,https://en.wikipedia.org/wiki/Xandra_Velzeboer,Q50323607,Xandra Velzeboer,https://en.wikipedia.org/wiki/Netherlands_at_the_2026_Winter_Olympics,Q111721496,Netherlands at the 2026 Winter Olympics,Q55,Netherlands,2001-09-07,Q6581072,female,Q816699,Culemborg,"51.95,5.23333333333333",51.95,5.23333333333333,Q775,Gelderland,NL,Netherlands,NL3,West-Nederland,NL31,Utrecht,1387643,NA,NL310,Utrecht,1387643,NA
https://en.wikipedia.org/wiki/Short-track_speed_skating_at_the_2026_Winter_Olympics_%E2%80%93_Women%27s_500_metres,Q137864136,short-track speed skating at the 2026 Winter Olympics – women's 500 metres,NA,NA,Q111737768,short track speed skating at the 2026 Winter Olympics,silver,https://en.wikipedia.org/wiki/Arianna_Fontana,Q259815,Arianna Fontana,https://en.wikipedia.org/wiki/Italy_at_the_2026_Winter_Olympics,Q111721489,Italy at the 2026 Winter Olympics,Q38,Italy,1990-04-14,Q6581072,female,Q6274,Sondrio,"46.169719444444,9.87",46.169719444444,9.87,Q16282,Province of Sondrio,IT,Italy,ITC,Nord-Ovest,ITC4,Lombardia,10033918,490132.1,ITC44,Sondrio,179100,5989.21
https://en.wikipedia.org/wiki/Short-track_speed_skating_at_the_2026_Winter_Olympics_%E2%80%93_Mixed_2000_metre_relay,Q137864144,short-track speed skating at the 2026 Winter Olympics – mixed 2000 metre relay,Q193654,short-track speed skating,Q111737768,short track speed skating at the 2026 Winter Olympics,gold,https://en.wikipedia.org/wiki/Elisa_Confortola,Q81902373,Elisa Confortola,https://en.wikipedia.org/wiki/Italy_at_the_2026_Winter_Olympics,Q111721489,Italy at the 2026 Winter Olympics,Q38,Italy,2002-04-02,Q6581072,female,Q40165,Sondalo,"46.333333333333,10.333333333333",46.333333333333,10.333333333333,Q16282,Province of Sondrio,IT,Italy,ITC,Nord-Ovest,ITC4,Lombardia,10033918,490132.1,ITC44,Sondrio,179100,5989.21
https://en.wikipedia.org/wiki/Short-track_speed_skating_at_the_2026_Winter_Olympics_%E2%80%93_Mixed_2000_metre_relay,Q137864144,short-track speed skating at the 2026 Winter Olympics – mixed 2000 metre relay,Q193654,short-track speed skating,Q111737768,short track speed skating at the 2026 Winter Olympics,gold,https://en.wikipedia.org/wiki/Arianna_Fontana,Q259815,Arianna Fontana,https://en.wikipedia.org/wiki/Italy_at_the_2026_Winter_Olympics,Q111721489,Italy at the 2026 Winter Olympics,Q38,Italy,1990-04-14,Q6581072,female,Q6274,Sondrio,"46.169719444444,9.87",46.169719444444,9.87,Q16282,Province of Sondrio,IT,Italy,ITC,Nord-Ovest,ITC4,Lombardia,10033918,490132.1,ITC44,Sondrio,179100,5989.21
https://en.wikipedia.org/wiki/Short-track_speed_skating_at_the_2026_Winter_Olympics_%E2%80%93_Mixed_2000_metre_relay,Q137864144,short-track speed skating at the 2026 Winter Olympics – mixed 2000 metre relay,Q193654,short-track speed skating,Q111737768,short track speed skating at the 2026 Winter Olympics,gold,https://en.wikipedia.org/wiki/Thomas_Nadalini,Q81905665,Thomas Nadalini,https://en.wikipedia.org/wiki/Italy_at_the_2026_Winter_Olympics,Q111721489,Italy at the 2026 Winter Olympics,Q38,Italy,2002-05-02,Q6581097,male,Q3376,Trento,"46.06666667,11.11666667",46.06666667,11.11666667,Q16289,Trentino,IT,Italy,ITH,Nord-Est,ITH2,Provincia Autonoma di Trento,546573,25205.27,ITH20,Trento,546573,23777.49
https://en.wikipedia.org/wiki/Short-track_speed_skating_at_the_2026_Winter_Olympics_%E2%80%93_Mixed_2000_metre_relay,Q137864144,short-track speed skating at the 2026 Winter Olympics – mixed 2000 metre relay,Q193654,short-track speed skating,Q111737768,short track speed skating at the 2026 Winter Olympics,gold,https://en.wikipedia.org/wiki/Pietro_Sighel,Q57541821,Pietro Sighel,https://en.wikipedia.org/wiki/Italy_at_the_2026_Winter_Olympics,Q111721489,Italy at the 2026 Winter Olympics,Q38,Italy,1999-07-15,Q6581097,male,Q3376,Trento,"46.06666667,11.11666667",46.06666667,11.11666667,Q16289,Trentino,IT,Italy,ITH,Nord-Est,ITH2,Provincia Autonoma di Trento,546573,25205.27,ITH20,Trento,546573,23777.49
https://en.wikipedia.org/wiki/Short-track_speed_skating_at_the_2026_Winter_Olympics_%E2%80%93_Mixed_2000_metre_relay,Q137864144,short-track speed skating at the 2026 Winter Olympics – mixed 2000 metre relay,Q193654,short-track speed skating,Q111737768,short track speed skating at the 2026 Winter Olympics,gold,https://en.wikipedia.org/wiki/Chiara_Betti,Q117075766,Chiara Betti,https://en.wikipedia.org/wiki/Italy_at_the_2026_Winter_Olympics,Q111721489,Italy at the 2026 Winter Olympics,Q38,Italy,2002-03-12,Q6581072,female,Q3376,Trento,"46.06666667,11.11666667",46.06666667,11.11666667,Q16289,Trentino,IT,Italy,ITH,Nord-Est,ITH2,Provincia Autonoma di Trento,546573,25205.27,ITH20,Trento,546573,23777.49
https://en.wikipedia.org/wiki/Short-track_speed_skating_at_the_2026_Winter_Olympics_%E2%80%93_Mixed_2000_metre_relay,Q137864144,short-track speed skating at the 2026 Winter Olympics – mixed 2000 metre relay,Q193654,short-track speed skating,Q111737768,short track speed skating at the 2026 Winter Olympics,bronze,https://en.wikipedia.org/wiki/Hanne_Desmet,Q58369565,Hanne Desmet,https://en.wikipedia.org/wiki/Belgium_at_the_2026_Winter_Olympics,Q111721471,Belgium at the 2026 Winter Olympics,Q31,Belgium,1996-10-26,Q6581072,female,Q2687417,Wilrijk,"51.166666666667,4.3833333333333",51.166666666667,4.3833333333333,Q12892,Antwerp,BE,Belgium,BE2,Vlaams Gewest,BE21,Prov. Antwerpen,1947973,114382.42,BE211,Arr. Antwerpen,1101687,65444.28
https://en.wikipedia.org/wiki/Short-track_speed_skating_at_the_2026_Winter_Olympics_%E2%80%93_Mixed_2000_metre_relay,Q137864144,short-track speed skating at the 2026 Winter Olympics – mixed 2000 metre relay,Q193654,short-track speed skating,Q111737768,short track speed skating at the 2026 Winter Olympics,bronze,https://en.wikipedia.org/wiki/Stijn_Desmet,Q58382493,Stijn Desmet,https://en.wikipedia.org/wiki/Belgium_at_the_2026_Winter_Olympics,Q111721471,Belgium at the 2026 Winter Olympics,Q31,Belgium,1998-04-10,Q6581097,male,Q615109,Duffel,"51.0958333333333,4.50611111111111",51.0958333333333,4.50611111111111,Q90905,Arrondissement of Mechelen,BE,Belgium,BE2,Vlaams Gewest,BE21,Prov. Antwerpen,1947973,114382.42,BE212,Arr. Mechelen,362480,20023.75
https://en.wikipedia.org/wiki/Short-track_speed_skating_at_the_2026_Winter_Olympics_%E2%80%93_Mixed_2000_metre_relay,Q137864144,short-track speed skating at the 2026 Winter Olympics – mixed 2000 metre relay,Q193654,short-track speed skating,Q111737768,short track speed skating at the 2026 Winter Olympics,bronze,https://en.wikipedia.org/wiki/Tineke_den_Dulk,Q57549148,Tineke den Dulk,https://en.wikipedia.org/wiki/Belgium_at_the_2026_Winter_Olympics,Q111721471,Belgium at the 2026 Winter Olympics,Q31,Belgium,1997-06-05,Q6581072,female,Q25390,Leeuwarden,"53.2,5.7833333333333",53.2,5.7833333333333,Q2311189,Leeuwarden,NL,Netherlands,NL1,Noord-Nederland,NL12,Friesland (NL),664222,30069.93,NL124,Noord-Friesland,326583,NA
https://en.wikipedia.org/wiki/Short-track_speed_skating_at_the_2026_Winter_Olympics_%E2%80%93_Mixed_2000_metre_relay,Q137864144,short-track speed skating at the 2026 Winter Olympics – mixed 2000 metre relay,Q193654,short-track speed skating,Q111737768,short track speed skating at the 2026 Winter Olympics,bronze,https://en.wikipedia.org/wiki/Ward_P%C3%A9tr%C3%A9,Q47508219,Ward Pétré,https://en.wikipedia.org/wiki/Belgium_at_the_2026_Winter_Olympics,Q111721471,Belgium at the 2026 Winter Olympics,Q31,Belgium,1997-01-30,Q6581097,male,Q37792,Sint-Truiden,"50.816666666667,5.1833333333333",50.816666666667,5.1833333333333,Q93515,Arrondissement of Hasselt,BE,Belgium,BE2,Vlaams Gewest,BE22,Prov. Limburg (BE),909455,36725.81,BE224,Arr. Hasselt,436040,21117.12
https://en.wikipedia.org/wiki/Ski_jumping_at_the_2026_Winter_Olympics_%E2%80%93_Men%27s_normal_hill_individual,Q136825578,ski jumping at the 2026 Winter Olympics – men's normal hill individual,Q7718,ski jumping,Q111737767,ski jumping at the 2026 Winter Olympics,gold,https://en.wikipedia.org/wiki/Philipp_Raimund,Q47526159,Philipp Raimund,https://en.wikipedia.org/wiki/Germany_at_the_2026_Winter_Olympics,Q111721467,Germany at the 2026 Winter Olympics,Q183,Germany,2000-06-23,Q6581097,male,Q4072,Göppingen,"48.7025,9.6527777777778",48.7025,9.6527777777778,Q8525,Göppingen,DE,Germany,DE1,Baden-Württemberg,DE11,Stuttgart,4167550,261691.93,DE114,Göppingen,258809,9143.06
https://en.wikipedia.org/wiki/Ski_jumping_at_the_2026_Winter_Olympics_%E2%80%93_Men%27s_normal_hill_individual,Q136825578,ski jumping at the 2026 Winter Olympics – men's normal hill individual,Q7718,ski jumping,Q111737767,ski jumping at the 2026 Winter Olympics,silver,https://en.wikipedia.org/wiki/Kacper_Tomasiak,Q116684180,Kacper Tomasiak,https://en.wikipedia.org/wiki/Poland_at_the_2026_Winter_Olympics,Q111721499,Poland at the 2026 Winter Olympics,Q36,Poland,2007-01-20,Q6581097,male,Q106583,Bielsko-Biała,"49.8225,19.044444444444",49.8225,19.044444444444,Q54181,Silesian Voivodeship,PL,Poland,PL2,Makroregion południowy,PL22,Śląskie,4190666,89110.61,PL225,Bielski,638022,10816.34
https://en.wikipedia.org/wiki/Ski_jumping_at_the_2026_Winter_Olympics_%E2%80%93_Men%27s_normal_hill_individual,Q136825578,ski jumping at the 2026 Winter Olympics – men's normal hill individual,Q7718,ski jumping,Q111737767,ski jumping at the 2026 Winter Olympics,bronze,https://en.wikipedia.org/wiki/Gregor_Deschwanden,Q1479067,Gregor Deschwanden,https://en.wikipedia.org/wiki/Switzerland_at_the_2026_Winter_Olympics,Q111721506,Switzerland at the 2026 Winter Olympics,Q39,Switzerland,1991-02-27,Q6581097,male,Q67159,Kerns,"46.9025,8.2761111111111",46.9025,8.2761111111111,Q12573,Canton of Obwalden,CH,Switzerland,CH0,Schweiz/Suisse/Svizzera,CH06,Zentralschweiz,863896,65855.09,CH064,Obwalden,39662,2514.29
https://en.wikipedia.org/wiki/Ski_jumping_at_the_2026_Winter_Olympics_%E2%80%93_Women%27s_normal_hill_individual,Q136825577,ski jumping at the 2026 Winter Olympics – women's normal hill individual,Q7718,ski jumping,Q111737767,ski jumping at the 2026 Winter Olympics,gold,https://en.wikipedia.org/wiki/Anna_Odine_Str%C3%B8m,Q9155524,Anna Odine Strøm,https://en.wikipedia.org/wiki/Norway_at_the_2026_Winter_Olympics,Q111721497,Norway at the 2026 Winter Olympics,Q20,Norway,1998-04-17,Q6581072,female,Q6535,Alta,"69.976666666667,23.295833333333",69.976666666667,23.295833333333,Q50632,Finnmark,NO,Norway,NO0,Norge,NO07,Nord-Norge,489103,26109.13,NO074,Troms og Finnmark,242452,NA
https://en.wikipedia.org/wiki/Ski_jumping_at_the_2026_Winter_Olympics_%E2%80%93_Women%27s_normal_hill_individual,Q136825577,ski jumping at the 2026 Winter Olympics – women's normal hill individual,Q7718,ski jumping,Q111737767,ski jumping at the 2026 Winter Olympics,silver,https://en.wikipedia.org/wiki/Nika_Prevc,Q109746873,Nika Prevc,https://en.wikipedia.org/wiki/Slovenia_at_the_2026_Winter_Olympics,Q111721482,Slovenia at the 2026 Winter Olympics,Q215,Slovenia,2005-03-15,Q6581072,female,Q1021,Kranj,"46.23887,14.35561",46.23887,14.35561,Q3441893,City Municipality of Kranj,SI,Slovenia,SI0,Slovenija,SI04,Zahodna Slovenija,1017119,37232.16,SI042,Gorenjska,209921,5493.01
https://en.wikipedia.org/wiki/Ski_jumping_at_the_2026_Winter_Olympics_%E2%80%93_Mixed_team,Q137782697,ski jumping at the 2026 Winter Olympics – mixed team,Q7718,ski jumping,Q111737767,ski jumping at the 2026 Winter Olympics,gold,https://en.wikipedia.org/wiki/Nika_Vodan,Q22712868,Nika Vodan,https://en.wikipedia.org/wiki/Slovenia_at_the_2026_Winter_Olympics,Q111721482,Slovenia at the 2026 Winter Olympics,Q215,Slovenia,2000-03-09,Q6581072,female,Q2237087,Delnice,"46.153994,14.193806",46.153994,14.193806,Q1005224,Municipality of Gorenja Vas-Poljane,SI,Slovenia,SI0,Slovenija,SI04,Zahodna Slovenija,1017119,37232.16,SI042,Gorenjska,209921,5493.01
https://en.wikipedia.org/wiki/Ski_jumping_at_the_2026_Winter_Olympics_%E2%80%93_Mixed_team,Q137782697,ski jumping at the 2026 Winter Olympics – mixed team,Q7718,ski jumping,Q111737767,ski jumping at the 2026 Winter Olympics,gold,https://en.wikipedia.org/wiki/An%C5%BEe_Lani%C5%A1ek,Q4454564,Anže Lanišek,https://en.wikipedia.org/wiki/Slovenia_at_the_2026_Winter_Olympics,Q111721482,Slovenia at the 2026 Winter Olympics,Q215,Slovenia,1996-04-20,Q6581097,male,Q437,Ljubljana,"46.0513888888889,14.5061111111111",46.0513888888889,14.5061111111111,Q3434113,Ljubljana City Municipality,SI,Slovenia,SI0,Slovenija,SI04,Zahodna Slovenija,1017119,37232.16,SI041,Osrednjeslovenska,569475,25144.48
https://en.wikipedia.org/wiki/Ski_jumping_at_the_2026_Winter_Olympics_%E2%80%93_Mixed_team,Q137782697,ski jumping at the 2026 Winter Olympics – mixed team,Q7718,ski jumping,Q111737767,ski jumping at the 2026 Winter Olympics,gold,https://en.wikipedia.org/wiki/Nika_Prevc,Q109746873,Nika Prevc,https://en.wikipedia.org/wiki/Slovenia_at_the_2026_Winter_Olympics,Q111721482,Slovenia at the 2026 Winter Olympics,Q215,Slovenia,2005-03-15,Q6581072,female,Q1021,Kranj,"46.23887,14.35561",46.23887,14.35561,Q3441893,City Municipality of Kranj,SI,Slovenia,SI0,Slovenija,SI04,Zahodna Slovenija,1017119,37232.16,SI042,Gorenjska,209921,5493.01
https://en.wikipedia.org/wiki/Ski_jumping_at_the_2026_Winter_Olympics_%E2%80%93_Mixed_team,Q137782697,ski jumping at the 2026 Winter Olympics – mixed team,Q7718,ski jumping,Q111737767,ski jumping at the 2026 Winter Olympics,gold,https://en.wikipedia.org/wiki/Domen_Prevc,Q21403041,Domen Prevc,https://en.wikipedia.org/wiki/Slovenia_at_the_2026_Winter_Olympics,Q111721482,Slovenia at the 2026 Winter Olympics,Q215,Slovenia,1999-06-04,Q6581097,male,Q1021,Kranj,"46.23887,14.35561",46.23887,14.35561,Q3441893,City Municipality of Kranj,SI,Slovenia,SI0,Slovenija,SI04,Zahodna Slovenija,1017119,37232.16,SI042,Gorenjska,209921,5493.01
https://en.wikipedia.org/wiki/Ski_jumping_at_the_2026_Winter_Olympics_%E2%80%93_Mixed_team,Q137782697,ski jumping at the 2026 Winter Olympics – mixed team,Q7718,ski jumping,Q111737767,ski jumping at the 2026 Winter Olympics,silver,https://en.wikipedia.org/wiki/Anna_Odine_Str%C3%B8m,Q9155524,Anna Odine Strøm,https://en.wikipedia.org/wiki/Norway_at_the_2026_Winter_Olympics,Q111721497,Norway at the 2026 Winter Olympics,Q20,Norway,1998-04-17,Q6581072,female,Q6535,Alta,"69.976666666667,23.295833333333",69.976666666667,23.295833333333,Q50632,Finnmark,NO,Norway,NO0,Norge,NO07,Nord-Norge,489103,26109.13,NO074,Troms og Finnmark,242452,NA
https://en.wikipedia.org/wiki/Ski_jumping_at_the_2026_Winter_Olympics_%E2%80%93_Mixed_team,Q137782697,ski jumping at the 2026 Winter Olympics – mixed team,Q7718,ski jumping,Q111737767,ski jumping at the 2026 Winter Olympics,silver,https://en.wikipedia.org/wiki/Marius_Lindvik,Q23905833,Marius Lindvik,https://en.wikipedia.org/wiki/Norway_at_the_2026_Winter_Olympics,Q111721497,Norway at the 2026 Winter Olympics,Q20,Norway,1998-06-27,Q6581097,male,Q1801834,Frogner,"60.023333,11.110556",60.023333,11.110556,Q57914,Sørum Municipality,NO,Norway,NO0,Norge,NO08,Oslo og Viken,2050625,132715.89,NO082,Viken,1292241,NA
https://en.wikipedia.org/wiki/Snowboarding_at_the_2026_Winter_Olympics_%E2%80%93_Men%27s_parallel_giant_slalom,Q136825575,snowboarding at the 2026 Winter Olympics – men's parallel giant slalom,Q178131,snowboarding,Q111737765,snowboarding at the 2026 Winter Olympics,gold,https://en.wikipedia.org/wiki/Benjamin_Karl,Q698028,Benjamin Karl,https://en.wikipedia.org/wiki/Austria_at_the_2026_Winter_Olympics,Q111721470,Austria at the 2026 Winter Olympics,Q40,Austria,1985-10-16,Q6581097,male,Q82500,St. Pölten,"48.2,15.616666666667",48.2,15.616666666667,Q42497,Lower Austria,AT,Austria,AT1,Ostösterreich,AT12,Niederösterreich,1727514,73205.49,AT123,Sankt Pölten,163040,7846.82
https://en.wikipedia.org/wiki/Snowboarding_at_the_2026_Winter_Olympics_%E2%80%93_Men%27s_parallel_giant_slalom,Q136825575,snowboarding at the 2026 Winter Olympics – men's parallel giant slalom,Q178131,snowboarding,Q111737765,snowboarding at the 2026 Winter Olympics,bronze,https://en.wikipedia.org/wiki/Tervel_Zamfirov,Q133461518,Tervel Zamfirov,https://en.wikipedia.org/wiki/Bulgaria_at_the_2026_Winter_Olympics,Q111721474,Bulgaria at the 2026 Winter Olympics,Q219,Bulgaria,2005-02-22,Q6581097,male,Q472,Sofia,"42.697886,23.321726",42.697886,23.321726,Q4442915,Stolichna Municipality,BG,Bulgaria,BG4,Yugozapadna i Yuzhna tsentralna Bulgaria,BG41,Yugozapaden,2022982,47536.7,BG411,Sofia (stolitsa),1295931,40582.44
https://en.wikipedia.org/wiki/Snowboarding_at_the_2026_Winter_Olympics_%E2%80%93_Men%27s_snowboard_cross,Q137782900,snowboarding at the 2026 Winter Olympics – men's snowboard cross,Q178131,snowboarding,Q111737765,snowboarding at the 2026 Winter Olympics,gold,https://en.wikipedia.org/wiki/Alessandro_H%C3%A4mmerle,Q5157541,Alessandro Hämmerle,https://en.wikipedia.org/wiki/Austria_at_the_2026_Winter_Olympics,Q111721470,Austria at the 2026 Winter Olympics,Q40,Austria,1993-07-30,Q6581097,male,Q68120,Frauenfeld,"47.555833333333,8.8963888888889",47.555833333333,8.8963888888889,Q660546,Frauenfeld District,CH,Switzerland,CH0,Schweiz/Suisse/Svizzera,CH05,Ostschweiz,1250159,85766.99,CH057,Thurgau,299509,17840.74
https://en.wikipedia.org/wiki/Snowboarding_at_the_2026_Winter_Olympics_%E2%80%93_Men%27s_snowboard_cross,Q137782900,snowboarding at the 2026 Winter Olympics – men's snowboard cross,Q178131,snowboarding,Q111737765,snowboarding at the 2026 Winter Olympics,bronze,https://en.wikipedia.org/wiki/Jakob_Dusek,Q89928253,Jakob Dusek,https://en.wikipedia.org/wiki/Austria_at_the_2026_Winter_Olympics,Q111721470,Austria at the 2026 Winter Olympics,Q40,Austria,1996-11-19,Q6581097,male,Q82500,St. Pölten,"48.2,15.616666666667",48.2,15.616666666667,Q42497,Lower Austria,AT,Austria,AT1,Ostösterreich,AT12,Niederösterreich,1727514,73205.49,AT123,Sankt Pölten,163040,7846.82
https://en.wikipedia.org/wiki/Snowboarding_at_the_2026_Winter_Olympics_%E2%80%93_Women%27s_parallel_giant_slalom,Q136825576,snowboarding at the 2026 Winter Olympics – women's parallel giant slalom,Q178131,snowboarding,Q111737765,snowboarding at the 2026 Winter Olympics,gold,https://en.wikipedia.org/wiki/Zuzana_Mad%C4%9Brov%C3%A1,Q111243011,Zuzana Maděrová,https://en.wikipedia.org/wiki/Czech_Republic_at_the_2026_Winter_Olympics,Q111721501,Czech Republic at the 2026 Winter Olympics,Q213,Czech Republic,2003-09-20,Q6581072,female,Q146351,Liberec,"50.7666666666667,15.05",50.7666666666667,15.05,Q739824,Liberec District,CZ,Czechia,CZ0,Česko,CZ05,Severovýchod,1535886,36454.33,CZ051,Liberecký kraj,449494,9570.14
https://en.wikipedia.org/wiki/Snowboarding_at_the_2026_Winter_Olympics_%E2%80%93_Women%27s_parallel_giant_slalom,Q136825576,snowboarding at the 2026 Winter Olympics – women's parallel giant slalom,Q178131,snowboarding,Q111737765,snowboarding at the 2026 Winter Olympics,silver,https://en.wikipedia.org/wiki/Sabine_Payer,Q18644967,Sabine Payer,https://en.wikipedia.org/wiki/Austria_at_the_2026_Winter_Olympics,Q111721470,Austria at the 2026 Winter Olympics,Q40,Austria,1992-07-28,Q6581072,female,Q487527,Wolfsberg,"46.841944444444,14.840833333333",46.841944444444,14.840833333333,Q665641,Wolfsberg District,AT,Austria,AT2,Südösterreich,AT21,Kärnten,570095,26638.91,AT213,Unterkärnten,147777,5970.5
https://en.wikipedia.org/wiki/Snowboarding_at_the_2026_Winter_Olympics_%E2%80%93_Women%27s_parallel_giant_slalom,Q136825576,snowboarding at the 2026 Winter Olympics – women's parallel giant slalom,Q178131,snowboarding,Q111737765,snowboarding at the 2026 Winter Olympics,bronze,https://en.wikipedia.org/wiki/Lucia_Dalmasso,Q107987124,Lucia Dalmasso,https://en.wikipedia.org/wiki/Italy_at_the_2026_Winter_Olympics,Q111721489,Italy at the 2026 Winter Olympics,Q38,Italy,1997-05-28,Q6581072,female,Q1465,Feltre,"46.016666666667,11.9",46.016666666667,11.9,Q16126,Province of Belluno,IT,Italy,ITH,Nord-Est,ITH3,Veneto,4853472,197137.46,ITH33,Belluno,197708,7417.44
https://en.wikipedia.org/wiki/Speed_skating_at_the_2026_Winter_Olympics_%E2%80%93_Men%27s_5000_metres,Q137168947,speed skating at the 2026 Winter Olympics – men's 5000 metres,Q192431,speed skating,Q111737769,speed skating at the 2026 Winter Olympics,silver,https://en.wikipedia.org/wiki/Metod%C4%9Bj_J%C3%ADlek,Q123255049,Metoděj Jílek,https://en.wikipedia.org/wiki/Czech_Republic_at_the_2026_Winter_Olympics,Q111721501,Czech Republic at the 2026 Winter Olympics,Q213,Czech Republic,2006-06-11,Q6581097,male,Q1085,Prague,"50.0875,14.4213888888889",50.0875,14.4213888888889,Q2162698,Duchy of Bohemia,CZ,Czechia,CZ0,Česko,CZ01,Praha,1397880,85494.29,CZ010,Hlavní město Praha,1397880,85494.29
https://en.wikipedia.org/wiki/Speed_skating_at_the_2026_Winter_Olympics_%E2%80%93_Men%27s_5000_metres,Q137168947,speed skating at the 2026 Winter Olympics – men's 5000 metres,Q192431,speed skating,Q111737769,speed skating at the 2026 Winter Olympics,bronze,https://en.wikipedia.org/wiki/Riccardo_Lorello,Q137757160,Riccardo Lorello,https://en.wikipedia.org/wiki/Italy_at_the_2026_Winter_Olympics,Q111721489,Italy at the 2026 Winter Olympics,Q38,Italy,2002-12-05,Q6581097,male,Q490,Milan,"45.466944444444,9.19",45.466944444444,9.19,Q15121,province of Milan,IT,Italy,ITC,Nord-Ovest,ITC4,Lombardia,10033918,490132.1,ITC4C,Milano,3246455,214200.15
https://en.wikipedia.org/wiki/Speed_skating_at_the_2026_Winter_Olympics_%E2%80%93_Women%27s_1000_metres,Q137168949,speed skating at the 2026 Winter Olympics – women's 1000 metres,Q17165362,long track speed skating,Q111737769,speed skating at the 2026 Winter Olympics,gold,https://en.wikipedia.org/wiki/Jutta_Leerdam,Q47208599,Jutta Leerdam,https://en.wikipedia.org/wiki/Netherlands_at_the_2026_Winter_Olympics,Q111721496,Netherlands at the 2026 Winter Olympics,Q55,Netherlands,1998-12-30,Q6581072,female,Q425786,'s-Gravenzande,"52.0019,4.1647",52.0019,4.1647,Q26556,Westland,NL,Netherlands,NL3,West-Nederland,NL33,Zuid-Holland,3804906,NA,NL333,Delft en Westland,240445,NA
https://en.wikipedia.org/wiki/Speed_skating_at_the_2026_Winter_Olympics_%E2%80%93_Women%27s_1000_metres,Q137168949,speed skating at the 2026 Winter Olympics – women's 1000 metres,Q17165362,long track speed skating,Q111737769,speed skating at the 2026 Winter Olympics,silver,https://en.wikipedia.org/wiki/Femke_Kok,Q73228523,Femke Kok,https://en.wikipedia.org/wiki/Netherlands_at_the_2026_Winter_Olympics,Q111721496,Netherlands at the 2026 Winter Olympics,Q55,Netherlands,2000-10-05,Q6581072,female,Q3112125,Nij Beets,"53.0697,6.0028",53.0697,6.0028,Q840632,Opsterland,NL,Netherlands,NL1,Noord-Nederland,NL12,Friesland (NL),664222,30069.93,NL126,Zuidoost-Friesland,191480,9209.18
https://en.wikipedia.org/wiki/Speed_skating_at_the_2026_Winter_Olympics_%E2%80%93_Women%27s_3000_metres,Q137168948,speed skating at the 2026 Winter Olympics – women's 3000 metres,Q17165362,long track speed skating,Q111737769,speed skating at the 2026 Winter Olympics,gold,https://en.wikipedia.org/wiki/Francesca_Lollobrigida,Q2293663,Francesca Lollobrigida,https://en.wikipedia.org/wiki/Italy_at_the_2026_Winter_Olympics,Q111721489,Italy at the 2026 Winter Olympics,Q38,Italy,1991-02-07,Q6581072,female,Q190963,Frascati,"41.816666666667,12.683333333333",41.816666666667,12.683333333333,Q15119,Province of Rome,IT,Italy,ITI,Centro (IT),ITI4,Lazio,5709178,238561.3,ITI43,Roma,4222648,190135.24
https://en.wikipedia.org/wiki/Speed_skating_at_the_2026_Winter_Olympics_%E2%80%93_Women%27s_3000_metres,Q137168948,speed skating at the 2026 Winter Olympics – women's 3000 metres,Q17165362,long track speed skating,Q111737769,speed skating at the 2026 Winter Olympics,silver,https://en.wikipedia.org/wiki/Ragne_Wiklund,Q47270251,Ragne Wiklund,https://en.wikipedia.org/wiki/Norway_at_the_2026_Winter_Olympics,Q111721497,Norway at the 2026 Winter Olympics,Q20,Norway,2000-05-09,Q6581072,female,Q585,Oslo,"59.9133333333333,10.7388888888889",59.9133333333333,10.7388888888889,Q5245991,Oslo Municipality,NO,Norway,NO0,Norge,NO08,Oslo og Viken,2050625,132715.89,NO081,Oslo,724290,70969.76
https://en.wikipedia.org/wiki/Speed_skating_at_the_2026_Winter_Olympics_%E2%80%93_Women%27s_5000_metres,Q137477568,speed skating at the 2026 Winter Olympics – women's 5000 metres,Q192431,speed skating,Q111737769,speed skating at the 2026 Winter Olympics,gold,https://en.wikipedia.org/wiki/Francesca_Lollobrigida,Q2293663,Francesca Lollobrigida,https://en.wikipedia.org/wiki/Italy_at_the_2026_Winter_Olympics,Q111721489,Italy at the 2026 Winter Olympics,Q38,Italy,1991-02-07,Q6581072,female,Q190963,Frascati,"41.816666666667,12.683333333333",41.816666666667,12.683333333333,Q15119,Province of Rome,IT,Italy,ITI,Centro (IT),ITI4,Lazio,5709178,238561.3,ITI43,Roma,4222648,190135.24
https://en.wikipedia.org/wiki/Speed_skating_at_the_2026_Winter_Olympics_%E2%80%93_Women%27s_5000_metres,Q137477568,speed skating at the 2026 Winter Olympics – women's 5000 metres,Q192431,speed skating,Q111737769,speed skating at the 2026 Winter Olympics,silver,https://en.wikipedia.org/wiki/Merel_Conijn,Q72315322,Merel Conijn,https://en.wikipedia.org/wiki/Netherlands_at_the_2026_Winter_Olympics,Q111721496,Netherlands at the 2026 Winter Olympics,Q55,Netherlands,2001-10-19,Q6581072,female,Q727,Amsterdam,"52.3666666666667,4.88333333333333",52.3666666666667,4.88333333333333,Q9899,Amsterdam,NL,Netherlands,NL3,West-Nederland,NL32,Noord-Holland,2992016,231562.2,NL329,Groot-Amsterdam,1456187,NA
https://en.wikipedia.org/wiki/Speed_skating_at_the_2026_Winter_Olympics_%E2%80%93_Women%27s_5000_metres,Q137477568,speed skating at the 2026 Winter Olympics – women's 5000 metres,Q192431,speed skating,Q111737769,speed skating at the 2026 Winter Olympics,bronze,https://en.wikipedia.org/wiki/Ragne_Wiklund,Q47270251,Ragne Wiklund,https://en.wikipedia.org/wiki/Norway_at_the_2026_Winter_Olympics,Q111721497,Norway at the 2026 Winter Olympics,Q20,Norway,2000-05-09,Q6581072,female,Q585,Oslo,"59.9133333333333,10.7388888888889",59.9133333333333,10.7388888888889,Q5245991,Oslo Municipality,NO,Norway,NO0,Norge,NO08,Oslo og Viken,2050625,132715.89,NO081,Oslo,724290,70969.76
